Name,UV wave(nm),UV Energy(mW/cm2),PFAS concentration(μM),Electron donor concentration(mM),pH,Temp(℃),Time(h),nAcid,nBase,nAtom,nHeavyAtom,nH,nC,nN,nO,nS,nF,nX,#H:C,#O:C,#F:C,DBE,HybRatio,nAtomP,nRing,MW(g/mol),ClogP,HBDC,HBAC,RBC,TPSA(Å2),CPLX,E(B3LYP)(a.u),E(EE)(a.u),μ(Debye),α(a.u),EHOMO(eV),ELUMO(eV),EGAP(eV),ELUMO+ EHOMO(eV),qH+(e),qC-(e),qF-(e),f-min(e),f-max(e),f+min(e),f+max(e),f0min(e),f 0max(e),IP(eV),EA(eV),ζ(eV),CI(eV),η(eV),S(eV-1),EI,NI,Volume(Å3),ESP-min(kcal/mol),ESP-max(kcal/mol),SAG(Å2),ESP-Positive surface area(Å2),ESP-Average Negative surface area(Å2),ESP- Overall average value(kcal/mol),ESP-Positive average value(kcal/mol),ESP-Negative average value(kcal/mol),MPI(kcal/mol),Nonpolar surface area(Å2),Nonpolar surface area(%), Polar surface area(Å2), Polar surface area(%),electron donor_I-,electron donor_SO32-,water_Milli-Q water,oxygen condition_A,oxygen condition_S,Kobs(h-1)
PFBS,0.19600459848839574,1.5015833876061029,-0.35203119318909465,-0.03642456215979095,-0.9764849470430743,-1.4950900031928034,0.7918575364279622,0.0,0.0,-0.5329886884224037,-0.4801150962044853,-0.4467953564767357,-0.992218052123042,0.0,0.4656330736664175,1.5612494995995998,-0.5234469100420501,-0.5306432578250183,-0.09227353729624603,1.3895988993621293,1.835778966633006,-1.4550355540247364,1.0821174715326731,1.1539158284426272,0.0,-0.34688684506404127,-0.9037209917036128,0.0,-0.39013224889884945,-0.6483516638676782,1.1654366570573378,-0.20509437787865278,0.018545992097256426,0.018545992097256426,0.5266523877795399,-0.23689477353030844,-1.8709341536050537,1.0128721896232373,1.6429098247573044,-0.4038551528426998,0.5421684863249886,0.34263987557675374,0.9900799561793322,0.18355139046128424,-0.7044964773875297,-0.03289970588684357,-0.7781358576865203,0.01765876733214943,-1.0520497491567788,0.9269210224295882,-0.19316056179977686,0.3237077685346676,-0.2951355952290818,1.421980893452739,-1.3504979543945594,0.059051277907501476,-2.0049167320400447,-0.4143749455191957,1.342967425459585,1.4902377312252593,-0.4865402413720872,-0.07371690266162037,-0.659309805749887,-0.4264281502906252,-0.4479802566180228,-0.5287055737123353,0.3489551855745219,-0.5945127399772606,-0.4746202552986917,0.25471136992194576,0.47462025529869045,0.0,1.0,1.0,0.0,1.0,-0.6108189942702905
PFPrA,0.19600459848839574,0.16355383912663737,-0.35203119318909465,-0.03642456215979095,0.5847555206130031,0.6688560540599391,-0.6614191392727207,0.0,0.0,-1.4874102932718238,-1.4847037485888708,-0.4467953564767357,-1.4508062274740277,0.0,-0.7538821192694377,-0.6405126152203485,-1.4596934158083188,-1.46457539159705,0.4164421456496479,0.9672561993033799,-0.6028975384486291,0.4968414086913733,-1.2161322930906624,-0.6593804733957873,0.0,-1.4846615276162414,-1.4014786194659745,0.0,-1.441959390537904,-1.468106641171639,-0.8076740521687841,-1.4327588926610828,1.450934455906078,1.450934455906078,-0.429758537133118,-1.2436055129806343,0.20965073474349633,-0.4208641659171615,-0.3926187849587561,-0.26824064717874657,0.657869344958718,0.49235219728664115,0.039624144931719965,1.1152961709993037,1.8385021412746247,1.1954897191971345,1.3147663658215423,1.143961658517144,1.4111532396634106,0.7327271822983416,-0.1420045565474944,0.2621744156816434,-0.2611604243793945,1.1077537596375269,-1.0865569861089786,0.03791672359664942,0.12536783130020504,-1.4962264743803413,0.09803901624535505,-0.13275660904169007,-1.4992060540347414,-1.277889313305863,-0.8600237591896753,-0.257800468501271,1.6478766013463693,0.03571332548548356,0.8058340762793978,-1.3407500529717766,-0.3605791843966525,-1.0711858546798443,0.3605791843966521,0.0,1.0,1.0,0.0,1.0,-0.3622149898286671
82FTSA,0.19600459848839574,-0.3660828571464839,-0.35203119318909465,-0.03642456215979095,0.5847555206130031,0.6688560540599391,0.7918575364279622,0.0,0.0,1.9212382954761056,1.5290622085642855,2.724010399164614,1.7593109999828724,0.0,0.4656330736664175,1.5612494995995998,1.349046101490487,1.3372210097190456,1.433873511541436,-0.8910516809551168,-0.4635445953011076,-1.4550355540247364,1.0821174715326731,1.1539158284426272,0.0,1.5602466126893626,1.2295259844207949,0.0,1.2927911777236376,1.8109132680442044,1.1654366570573378,1.7029008888457073,-1.6010174378862676,-1.6010174378862676,-0.5036396348488901,1.822725831537729,-0.07176571604749768,1.5282781402918637,1.073461047504349,1.5036410990573466,-0.22566448460792998,-2.569945292233783,-0.39240122381719345,-0.5943272795291723,-0.96900283455759,-0.3712584696824303,-1.9157550587221526,-0.5210078327998043,-1.527595562771276,-0.46496897918382485,0.12809114241661188,-0.1438506809431374,-0.036976768077790635,-0.7609582131196375,0.7170396305091689,-0.13935474215356225,-0.1628071355682484,1.80363194488183,-1.3026162302614215,-0.018857067871531064,1.8481283605528644,1.9356543964372814,0.6584019997845796,1.5226468966657192,-0.5053863810578978,0.2918650147537709,-0.13108110338602122,1.2277545085860324,-0.3831615746742842,2.9266049946573873,0.3831615746742834,0.0,1.0,1.0,0.0,1.0,-0.5800376928107467
H-PFHpA,0.19600459848839574,-0.44970970392645065,-0.35203119318909465,-0.03642456215979095,0.5847555206130031,0.6688560540599391,-0.6614191392727207,0.0,0.0,0.14874102932718225,0.09393556230087782,0.3459060824336017,0.38354647392991514,0.0,-0.7538821192694377,-0.6405126152203485,0.1787379692826513,0.16980584250400566,0.1257474696805656,-0.9634532866794738,-0.4038219053807412,0.4968414086913733,0.0971532847241727,-0.6593804733957873,0.0,0.03749988350893286,0.3051189614335517,0.0,0.030598607756772315,0.581280802088263,-0.8076740521687841,-0.06698211996562939,0.11117325411714041,0.11117325411714041,-3.0619478989806663,0.10253764394145323,0.596545080121718,-0.28250619438707936,-0.49639861028251603,0.1700222955881485,0.563205006076576,0.3451144594066693,-0.5460102438168078,-0.08144024437062944,-0.01447989346563359,-0.23150158898425313,0.11570780027004816,0.04214361279269293,-0.06055226848341552,-0.1577256849011437,0.13159497839279566,0.0035680273398791423,-0.1183728820246277,-0.3926540713459479,0.3431232587712617,-0.009959511678955155,0.5215021515382563,0.057413489671693116,-0.4306138725657736,-0.5296868795691515,0.010221051001601063,-0.816518281831088,0.9259729728609378,-1.415384356960766,1.6609890618278669,0.14304556955081862,0.4746531414425414,0.00982108765361667,0.1746234651832113,0.0050925770262540936,-0.1746234651832125,0.0,1.0,1.0,0.0,1.0,-0.426823418679284
PFHxS,0.19600459848839574,-1.2859781717261165,-0.34910380951425335,-0.03642456215979095,-2.537725414699152,0.6688560540599391,-0.7825255289144443,0.0,0.0,0.28508697287709944,0.3809608915535594,-0.4467953564767357,-0.07504170142107057,0.0,0.4656330736664175,1.5612494995995998,0.4127995957242184,0.4032888759470136,-0.6009892202421401,0.12257079918588153,1.4873966087642003,-1.4550355540247364,1.0821174715326731,1.1539158284426272,0.0,0.48944903903143167,0.09179426382111107,0.0,0.4513294644123941,0.17140331343628265,1.1654366570573378,0.6440402448458613,-0.7293774485996186,-0.7293774485996186,0.422384135184829,0.47661410257124653,-1.420052339364467,0.5707756244601722,1.1126538153656318,-0.5084795876231443,-1.5614834888336913,1.3658802892468105,-4.357434052557231,-1.671390053362112,0.6510986031090287,-1.3642678851694783,0.6448791011002117,-1.6065026482172267,-0.10717440707307214,-4.6636257063681965,-4.742040645280142,-5.018646435826439,2.654604479332659,1.5643531290948274,-1.4604733578468858,-3.9013054094853024,0.9131027456505502,0.3980052036896183,1.2544021982933795,1.443762008785575,0.3477076905712523,0.7378503509840588,-0.292765784649931,-0.21071519486454648,-1.1005669354512504,-0.08339583171193966,-0.3969189934268419,0.2804157628875446,0.15655755296110657,0.36363593409461115,-0.15655755296110738,1.0,0.0,1.0,1.0,0.0,-0.5781917377007291
PFHpA,0.19600459848839574,-0.19882916358655084,-0.35203119318909465,-0.03642456215979095,0.5847555206130031,0.6688560540599391,-0.038586278258142294,0.0,0.0,0.14874102932718225,0.2374482269272186,-0.4467953564767357,0.38354647392991514,0.0,-0.7538821192694377,-0.6405126152203485,0.4127995957242184,0.4032888759470136,-0.7463365582266812,-0.9634532866794738,0.19340499382292528,0.4968414086913733,0.0971532847241727,-0.6593804733957873,0.0,0.1879266237096684,0.5184436590459923,0.0,0.2409640360845832,0.17140331343628265,-0.8076740521687841,0.1069370196285482,-0.044910387290922,-0.044910387290922,-0.5296822792030493,-2.36908837369016,0.2640266608802451,-0.5796865801575913,-0.5281435929517757,-0.38846851888345607,0.6683876048345102,0.3401652917468382,0.4236466949307553,-0.20111388590762277,0.2960275692992197,-0.5036597250807033,0.2702971690518937,-0.42306845095763096,0.1694502818922237,0.1683591850734466,0.25102573038100123,0.22855677309977812,-0.2425986997646036,-0.1783319183353782,0.12317245186660934,0.2665149641017881,0.18090597634073313,0.11525595501496019,0.23669284683885314,-0.15858925278243066,0.06084435577797951,-0.3841143602842328,0.5210060126029541,-0.7208174778551767,-0.373724904894575,0.7671339067081953,-0.7578529152199499,0.312331177975376,0.9108093882339947,-0.9311399864578461,-0.9108093882339964,0.0,1.0,1.0,0.0,1.0,-0.509891398630077
FTMeUPA,0.19600459848839574,-0.6169633974863837,-0.35203119318909465,-0.03642456215979095,0.5847555206130031,0.6688560540599391,-0.8344282673323258,0.0,0.0,-0.5329886884224037,-0.7671404254571669,1.138607521343939,-0.07504170142107057,0.0,-0.7538821192694377,-0.6405126152203485,-0.9915701629251844,-0.9976093247110343,1.433873511541436,-0.7221146009316172,-2.6931916856614593,2.4487183714074825,-2.3652571788497045,2.9672121302810415,0.0,-0.8487552690133545,-0.7615045266286522,0.0,-1.0212285338822822,-1.0582291525196585,-0.8076740521687841,-0.854733516951022,0.9551980537589206,0.9551980537589206,-1.1267462239789925,-0.19925454822466962,1.7216601499132682,-2.3168843632535316,-2.45130791422981,-1.0408116365005604,-0.5096575012543527,-2.221028972215698,0.1548309099314311,-0.32933564469725846,0.9759814113722548,0.09950154951142948,-0.06464646330877157,-0.1374119205846251,0.30310041251590586,-0.2727849071263836,1.2709423282484267,0.6250786492067174,-0.4615352254330512,-2.271142678310296,2.4766460857463874,1.4841240828678401,1.6733519453634913,-0.6029997908085085,-1.8107411769177737,-1.986832703494134,-0.5741105826202147,-0.20646279822050004,-0.6447615977821226,0.8787108690309448,-0.23426279470294234,0.31657509191713223,-0.06118192839087719,-0.5569349125351363,-0.11894760842599635,-0.24582293687149284,0.11894760842599594,0.0,1.0,1.0,0.0,1.0,0.3300181764279415
TFA,0.19600459848839574,0.16355383912663737,-0.35203119318909465,-0.03642456215979095,0.5847555206130031,0.6688560540599391,-0.038586278258142294,0.0,0.0,-1.8964481239215754,-1.9152417424678931,-0.4467953564767357,-1.9093944028250136,0.0,-0.7538821192694377,-0.6405126152203485,-1.927816668691453,-1.9315414584830661,1.433873511541436,2.6566269995383776,-1.2996622541862395,0.4968414086913733,-2.3652571788497045,-0.6593804733957873,0.0,-1.902829469663978,-1.8992362472283364,0.0,-1.8626902471935256,-1.8779841298236195,-0.8076740521687841,-1.758089989078427,1.824905639086188,1.824905639086188,1.206030053978369,-1.585531204454412,0.5278805288503954,-0.22484939841282392,-0.4222077553998772,0.17609277860894978,-1.7087391270948,0.679183276445261,-0.01797923756813427,3.346354773938965,-0.6915586664389941,3.100596671872286,1.7468238324169565,3.2659815984309026,2.076295750209178,0.8883585975134876,-0.43102096978299276,0.1642912443478745,-0.20711497885788396,1.738041146181799,-1.6144389226801437,-0.21483529326374995,0.4512293965890168,-1.9115084695723654,-1.8157139488409964,-0.3793174727661647,-1.9430980553571044,-1.0788833673550104,-1.7584149454700888,1.708789732955481,1.7606693606508776,-1.9613157523830607,2.900312747623294,-2.0633081870301595,-2.708018653756438,-0.15829426923274376,2.7080186537564366,0.0,1.0,1.0,0.0,1.0,-0.42220853090423993
C7 HFPO-TA,-5.147721919123863,-1.2859781717261165,1.8435065629418634,-3.0414509403425374,0.5847555206130031,0.6688560540599391,-0.5922154880488787,0.0,0.0,0.4214329164270166,0.5244735561799002,-0.4467953564767357,0.38354647392991514,0.0,1.6851482666022728,-0.6405126152203485,0.4127995957242184,0.4032888759470136,-0.7463365582266812,0.4845788278076665,0.19340499382292528,0.4968414086913733,0.0971532847241727,-0.6593804733957873,0.0,0.4555005918265964,0.589551891583473,0.0,0.661694892740205,0.17140331343628265,0.623798423152128,0.26039508397635197,-0.28155792915975847,-0.28155792915975847,-0.5153403072224182,0.3594926089683798,-0.05308506145552566,-0.3403859735965699,-0.20380300980019417,-0.3879456411442717,0.7840884634682366,0.09765607641511966,0.1548309099314311,-0.5857791622765299,-1.4764525306501506,-1.195088503271685,0.5755120766468195,-0.7576946722517235,0.47715639658395687,0.30967100276274373,0.15482040543492773,0.23829757413056624,-0.24797700866358913,0.1403252528549612,-0.18475867779990332,0.2091497452580458,-0.14382215741663942,0.40778341473304364,0.13667485359973874,-0.003245712943080114,0.4470863668240498,-0.262438470301816,0.9739850522156641,-0.6901955039614133,-0.4013186700238869,0.9239896785250143,-0.9381239675412386,0.6812459222702046,0.9729109614974808,-0.7437638016608205,-0.9729109614974828,0.0,1.0,1.0,0.0,1.0,-0.4812790944248038
PFHxA,0.19600459848839574,1.5015833876061029,-0.35203119318909465,-0.03642456215979095,-0.9764849470430743,-1.4950900031928034,-0.038586278258142294,0.0,0.0,-0.26029680132256927,-0.19308976695180374,-0.4467953564767357,-0.07504170142107057,0.0,-0.7538821192694377,-0.6405126152203485,-0.055323657158915865,-0.06367719093900233,-0.6009892202421401,-0.7221146009316172,0.0938671772889804,0.4968414086913733,-0.06700741422636915,-0.6593804733957873,0.0,-0.23024131833806807,0.020686031283630755,0.0,-0.17976682057103857,-0.23847417521569778,-0.8076740521687841,-0.3022844852989285,0.3290514683082256,0.3290514683082256,-0.3589175793349194,-0.2144552132282995,0.38340849749266903,-0.6885690855272705,-0.662998269930935,-0.4078341249067524,0.6683876048345102,0.35501279472633124,0.5292528961804903,0.08952210068221832,0.20690042720930799,0.02594529651238906,0.19498439964535363,0.01765876733214943,0.09174671757612934,0.01624486398745723,0.4001890333671088,0.2450686187495284,-0.25171558923971304,-0.5907836739508747,0.5410789849854482,0.3881464807479192,0.3033165817361825,-0.27824174442215455,0.37390314065207747,-0.11705140254651275,-0.25915903628311543,-0.7965721386064285,0.49319009579254103,-0.911581383922037,0.353216677965106,0.7258649383561856,-0.5169757869865934,-0.030845328345394742,0.7335376245545889,-0.9447555569794294,-0.7335376245545898,0.0,1.0,1.0,0.0,1.0,-0.348370326503535
PFHpA,0.19600459848839574,1.5015833876061029,-0.35203119318909465,-0.03642456215979095,0.5847555206130031,-1.4950900031928034,-0.5922154880488787,0.0,0.0,0.14874102932718225,0.2374482269272186,-0.4467953564767357,0.38354647392991514,0.0,-0.7538821192694377,-0.6405126152203485,0.4127995957242184,0.4032888759470136,-0.7463365582266812,-0.9634532866794738,0.19340499382292528,0.4968414086913733,0.0971532847241727,-0.6593804733957873,0.0,0.1879266237096684,0.5184436590459923,0.0,0.2409640360845832,0.17140331343628265,-0.8076740521687841,0.1069370196285482,-0.044910387290922,-0.044910387290922,-0.5296822792030493,-2.36908837369016,0.2640266608802451,-0.5796865801575913,-0.5281435929517757,-0.38846851888345607,0.6683876048345102,0.3401652917468382,0.4236466949307553,-0.20111388590762277,0.2960275692992197,-0.5036597250807033,0.2702971690518937,-0.42306845095763096,0.1694502818922237,0.1683591850734466,0.25102573038100123,0.22855677309977812,-0.2425986997646036,-0.1783319183353782,0.12317245186660934,0.2665149641017881,0.18090597634073313,0.11525595501496019,0.23669284683885314,-0.15858925278243066,0.06084435577797951,-0.3841143602842328,0.5210060126029541,-0.7208174778551767,-0.373724904894575,0.7671339067081953,-0.7578529152199499,0.312331177975376,0.9108093882339947,-0.9311399864578461,-0.9108093882339964,0.0,1.0,1.0,0.0,1.0,2.014452214319023
62H-PFESA,0.19600459848839574,0.07992699234667108,-0.35203119318909465,-0.03642456215979095,0.5847555206130031,0.6688560540599391,1.6223013511140667,0.0,0.0,1.2395085777265198,1.2420368793116041,0.3459060824336017,0.8421346492809009,0.0,1.6851482666022728,1.5612494995995998,1.11498447504892,1.1037379762760375,-0.09227353729624603,0.12257079918588153,0.7906318930265909,-1.4550355540247364,1.0821174715326731,1.1539158284426272,0.0,1.3090615501195966,0.8739848217333936,0.0,1.2927911777236376,1.8109132680442044,1.8773040501898997,1.431791641831254,-1.4395330248767984,-1.4395330248767984,4.4345223081726965,1.308124486460565,-1.59824917914557,1.2973300272525403,1.696589581013167,0.09570564000714894,-0.45706620187538566,0.3451144594066693,-0.5076079888169046,-0.431913051728967,-1.5468917235921775,0.07743467361171742,-1.7552199449871593,0.14824460978838075,-1.622393911236911,-0.05083114547572859,0.21058145225590896,0.10085724739128223,-0.17209038188156559,-0.38318295695774063,0.32112817808079586,0.12763075005904329,-1.725809217423106,1.313197079315884,0.7256166314693594,1.11511088603987,1.4029135697679562,1.7232676746054167,0.2166862835790871,0.9848891065691814,-0.7136284663077104,-0.08181077253226306,-0.06820449731960246,1.000571661401682,-0.1449173572452729,1.9624929296290925,0.1449173572452721,0.0,1.0,1.0,0.0,1.0,-0.5911134234708524
HFPO-TrA,0.19600459848839574,-0.5333365507064175,-0.35203119318909465,-0.03642456215979095,0.5847555206130031,0.6688560540599391,-0.038586278258142294,0.0,0.0,1.2395085777265198,1.3855495439379448,-0.4467953564767357,1.3007228246318867,0.0,1.6851482666022728,-0.6405126152203485,1.349046101490487,1.3372210097190456,-0.9401330088727361,-0.1589910008532848,0.32612208253485053,0.4968414086913733,0.31603421665822773,-0.6593804733957873,0.0,1.2917528590570329,1.5139589145707162,0.0,1.5031566060514485,0.9911582907402435,0.623798423152128,1.1248755131356465,-1.0294834457977684,-1.0294834457977684,-0.8983897972385851,1.029798511622201,-0.07630719074163286,-0.35777241407848753,-0.20373514843170248,-0.42351408052456,0.805124983219824,0.11497816322452827,0.25083654743118994,-1.3038210114984898,0.44409362793245954,-2.1292529163595004,0.3376822785209036,-1.8595127179761748,0.2751271293621119,0.2510108971086076,0.2267992073456737,0.2532651464461666,-0.2562412394108103,-0.04084799979688028,-0.008798032276182675,0.271259455885857,-0.16734086169400578,1.2297806348195115,0.23980281946105966,0.004066177300771133,1.2180282432029703,0.6881514705656738,1.0890419416535837,0.08887431352333806,-1.0387094008913007,1.132007638308055,-1.268702106761895,1.5048695374400545,1.2540617204539928,-0.7003236480919597,-1.2540617204539937,0.0,1.0,1.0,0.0,1.0,-0.4637425208796364
TFA,0.19600459848839574,1.5015833876061029,-0.35203119318909465,-0.03642456215979095,-0.9764849470430743,-1.4950900031928034,-0.038586278258142294,0.0,0.0,-1.8964481239215754,-1.9152417424678931,-0.4467953564767357,-1.9093944028250136,0.0,-0.7538821192694377,-0.6405126152203485,-1.927816668691453,-1.9315414584830661,1.433873511541436,2.6566269995383776,-1.2996622541862395,0.4968414086913733,-2.3652571788497045,-0.6593804733957873,0.0,-1.902829469663978,-1.8992362472283364,0.0,-1.8626902471935256,-1.8779841298236195,-0.8076740521687841,-1.758089989078427,1.824905639086188,1.824905639086188,1.206030053978369,-1.585531204454412,0.5278805288503954,-0.22484939841282392,-0.4222077553998772,0.17609277860894978,-1.7087391270948,0.679183276445261,-0.01797923756813427,3.346354773938965,-0.6915586664389941,3.100596671872286,1.7468238324169565,3.2659815984309026,2.076295750209178,0.8883585975134876,-0.43102096978299276,0.1642912443478745,-0.20711497885788396,1.738041146181799,-1.6144389226801437,-0.21483529326374995,0.4512293965890168,-1.9115084695723654,-1.8157139488409964,-0.3793174727661647,-1.9430980553571044,-1.0788833673550104,-1.7584149454700888,1.708789732955481,1.7606693606508776,-1.9613157523830607,2.900312747623294,-2.0633081870301595,-2.708018653756438,-0.15829426923274376,2.7080186537564366,0.0,1.0,1.0,0.0,1.0,-0.5421956130553854
PFHpS,0.19600459848839574,-0.17095354799322876,-0.35203119318909465,-0.03642456215979095,0.5847555206130031,0.6688560540599391,-0.038586278258142294,0.0,0.0,0.6941248035268509,0.8114988854325818,-0.4467953564767357,0.38354647392991514,0.0,0.4656330736664175,1.5612494995995998,0.8809228486073527,0.8702549428330296,-0.7463365582266812,-0.2394372294359037,1.3878587922302563,-1.4550355540247364,1.0821174715326731,1.1539158284426272,0.0,0.9075333642141317,0.5184436590459923,0.0,0.8720603210680159,0.581280802088263,1.1654366570573378,1.0839533626428988,-1.1033380822243264,-1.1033380822243264,0.9862446241140135,0.8364118352750834,-1.4788313649761515,0.6472547062348211,1.194565314692771,-0.47561905978645014,0.5421684863249886,0.336453416001965,0.8844737549295971,-0.32078752744461614,-1.3686374394123546,-0.4742372238810871,-1.608558236142844,-0.4720381418787177,-1.4794193528952975,0.2851769543632648,0.27194863663878405,0.296148429032927,-0.2799189163929284,-0.06803926368560723,0.01319704841428317,0.3407015629072294,-1.6033986120276564,0.7997279057499532,1.2932503204683932,1.581090313794253,0.7497507955241428,1.6948612631118967,-0.7470815639713864,0.4900800826362625,-1.4342555888053683,-0.4842511724195265,-0.49986141478332685,0.6555076842961468,0.26382390677985607,0.5925071909574141,-0.26382390677985645,0.0,1.0,1.0,0.0,1.0,-0.505276510855033
PFOS,0.1728046280790797,-1.2859781717261165,3.59993676784663,3.3024936358210386,-0.9764849470430743,-1.4950900031928034,-0.5922154880488787,0.0,0.0,1.1031626341766025,1.2420368793116041,-0.4467953564767357,0.8421346492809009,0.0,0.4656330736664175,1.5612494995995998,1.349046101490487,1.3372210097190456,-0.8553470617150871,-0.5109432509022424,1.3132054298297984,-1.4550355540247364,1.0821174715326731,1.1539158284426272,0.0,1.325701306261868,1.0162012868083543,0.0,1.2927911777236376,0.9911582907402435,1.1654366570573378,1.534097018063123,-1.4772985224090642,-1.4772985224090642,0.8235971385237978,1.203144649230466,-1.2903117338427468,0.4572813256365217,0.9693800873579039,-0.5245931491710094,0.5421684863249886,0.3562500866412888,0.9516777011794288,-0.23530635491819224,-1.5914552946371334,-0.1579453359852125,-1.836478459346847,-0.24351291758031293,-1.678340477544499,-0.012394331064240338,0.5086077294301655,0.2959108485199804,-0.2797877381270992,-0.7912046751981072,0.7610297918901006,0.5145224891781182,-1.410431893800108,1.2116630506098527,1.2832835481398859,1.5828649616013943,1.2096081307763944,2.080830478369278,-0.4765899425606447,0.4730376718470664,-1.5417009672627586,-0.18589249668565297,-0.7289086790487663,1.134410498866783,0.472711016847946,0.6657719275735519,-0.47271101684794714,0.0,1.0,1.0,0.0,1.0,0.1731119920764435
PFPeS,0.19600459848839574,0.07992699234667108,-0.35203119318909465,-0.03642456215979095,0.5847555206130031,0.6688560540599391,1.6223013511140667,0.0,0.0,-0.12395085777265212,-0.04957710232546295,-0.4467953564767357,-0.5336298767720563,0.0,0.4656330736664175,1.5612494995995998,-0.055323657158915865,-0.06367719093900233,-0.39750294706378236,0.6293820392563806,1.6267495519117237,-1.4550355540247364,1.0821174715326731,1.1539158284426272,0.0,0.0712810969836952,-0.4059633639412509,0.0,0.030598607756772315,-0.23847417521569778,1.1654366570573378,0.21435766467201084,-0.355416168602331,-0.355416168602331,0.7077808310213001,0.14345684213923454,-1.3274654801978891,0.5321557616996666,1.039155711953018,-0.4767604636317471,0.5211319665734012,0.36367383813103554,0.980479392429356,0.19209950771392686,-1.1803204133836704,0.28339218200903116,-1.4381135474859377,0.2543456067840686,-1.4390134994509283,0.40639109131452866,0.21468594582800993,0.3195501095581111,-0.2928399755770754,0.16659995728676424,-0.20675375849036917,0.3208609609011233,-1.448401850103326,-0.0009957213588635196,1.2085645983991717,1.4259003492459053,-0.01542494149140526,0.6923426372413426,-0.7954513624031004,0.09702914254174684,-1.025077846258421,-0.6196780161478215,-0.039395890162063955,-0.1265915736088895,-0.15733767189797013,0.41550477417683307,0.15733767189796932,0.0,1.0,1.0,0.0,1.0,-0.575884293813207
PFHxA,0.19600459848839574,-0.19882916358655084,-0.35203119318909465,-0.03642456215979095,0.5847555206130031,0.6688560540599391,-0.45380818560119457,0.0,0.0,-0.26029680132256927,-0.19308976695180374,-0.4467953564767357,-0.07504170142107057,0.0,-0.7538821192694377,-0.6405126152203485,-0.055323657158915865,-0.06367719093900233,-0.6009892202421401,-0.7221146009316172,0.0938671772889804,0.4968414086913733,-0.06700741422636915,-0.6593804733957873,0.0,-0.23024131833806807,0.020686031283630755,0.0,-0.17976682057103857,-0.23847417521569778,-0.8076740521687841,-0.3022844852989285,0.3290514683082256,0.3290514683082256,-0.3589175793349194,-0.2144552132282995,0.38340849749266903,-0.6885690855272705,-0.662998269930935,-0.4078341249067524,0.6683876048345102,0.35501279472633124,0.5292528961804903,0.08952210068221832,0.20690042720930799,0.02594529651238906,0.19498439964535363,0.01765876733214943,0.09174671757612934,0.01624486398745723,0.4001890333671088,0.2450686187495284,-0.25171558923971304,-0.5907836739508747,0.5410789849854482,0.3881464807479192,0.3033165817361825,-0.27824174442215455,0.37390314065207747,-0.11705140254651275,-0.25915903628311543,-0.7965721386064285,0.49319009579254103,-0.911581383922037,0.353216677965106,0.7258649383561856,-0.5169757869865934,-0.030845328345394742,0.7335376245545889,-0.9447555569794294,-0.7335376245545898,0.0,1.0,1.0,0.0,1.0,-0.4545127453295483
PFPrA,0.19600459848839574,1.5015833876061029,-0.35203119318909465,-0.03642456215979095,-0.9764849470430743,-1.4950900031928034,-0.038586278258142294,0.0,0.0,-1.4874102932718238,-1.4847037485888708,-0.4467953564767357,-1.4508062274740277,0.0,-0.7538821192694377,-0.6405126152203485,-1.4596934158083188,-1.46457539159705,0.4164421456496479,0.9672561993033799,-0.6028975384486291,0.4968414086913733,-1.2161322930906624,-0.6593804733957873,0.0,-1.4846615276162414,-1.4014786194659745,0.0,-1.441959390537904,-1.468106641171639,-0.8076740521687841,-1.4327588926610828,1.450934455906078,1.450934455906078,-0.429758537133118,-1.2436055129806343,0.20965073474349633,-0.4208641659171615,-0.3926187849587561,-0.26824064717874657,0.657869344958718,0.49235219728664115,0.039624144931719965,1.1152961709993037,1.8385021412746247,1.1954897191971345,1.3147663658215423,1.143961658517144,1.4111532396634106,0.7327271822983416,-0.1420045565474944,0.2621744156816434,-0.2611604243793945,1.1077537596375269,-1.0865569861089786,0.03791672359664942,0.12536783130020504,-1.4962264743803413,0.09803901624535505,-0.13275660904169007,-1.4992060540347414,-1.277889313305863,-0.8600237591896753,-0.257800468501271,1.6478766013463693,0.03571332548548356,0.8058340762793978,-1.3407500529717766,-0.3605791843966525,-1.0711858546798443,0.3605791843966521,0.0,1.0,1.0,0.0,1.0,-0.30683633652813846
PFBA,0.19600459848839574,-0.19882916358655084,-0.35203119318909465,-0.03642456215979095,0.5847555206130031,0.6688560540599391,-0.45380818560119457,0.0,0.0,-1.0783724626220723,-1.0541657547098484,-0.4467953564767357,-0.992218052123042,0.0,-0.7538821192694377,-0.6405126152203485,-0.9915701629251844,-0.9976093247110343,-0.09227353729624603,0.12257079918588153,-0.25451518057982436,0.4968414086913733,-0.6415698536585158,-0.6593804733957873,0.0,-1.066493585568505,-0.9748292242410928,0.0,-1.0212285338822822,-1.0582291525196585,-0.8076740521687841,-1.0746900758495408,1.076979384860002,1.076979384860002,0.9193900345209879,-0.9078920912074411,0.5241776079846127,-0.5484710111801682,-0.639863198389126,-0.15682730386593297,-2.245170380760263,0.3537755028113736,-0.3539989688172902,0.2946769147456354,1.6228719587990321,0.768863451802699,0.870817409319832,0.5155172916965312,1.1220959804075397,0.4551279671042595,0.10446527697720147,0.2771419879972438,-0.2694246551266157,0.3940594625132341,-0.4267045653950215,0.2091497452580458,0.447545744111839,-1.0946424684426719,-1.5277230540558724,-0.6816176351639971,-1.1019925877158137,0.1980882662331289,-1.9003333514279965,1.8360287028282165,-0.5787990936451971,-2.4861120007343303,1.0611682527079407,-1.2789782818340376,-1.3677537907790143,0.3214925015278062,1.367753790779013,0.0,1.0,1.0,0.0,1.0,-0.4452829697794602
TFA,0.19600459848839574,1.5015833876061029,-0.35203119318909465,-0.03642456215979095,0.5847555206130031,-1.4950900031928034,-0.5922154880488787,0.0,0.0,-1.8964481239215754,-1.9152417424678931,-0.4467953564767357,-1.9093944028250136,0.0,-0.7538821192694377,-0.6405126152203485,-1.927816668691453,-1.9315414584830661,1.433873511541436,2.6566269995383776,-1.2996622541862395,0.4968414086913733,-2.3652571788497045,-0.6593804733957873,0.0,-1.902829469663978,-1.8992362472283364,0.0,-1.8626902471935256,-1.8779841298236195,-0.8076740521687841,-1.758089989078427,1.824905639086188,1.824905639086188,1.206030053978369,-1.585531204454412,0.5278805288503954,-0.22484939841282392,-0.4222077553998772,0.17609277860894978,-1.7087391270948,0.679183276445261,-0.01797923756813427,3.346354773938965,-0.6915586664389941,3.100596671872286,1.7468238324169565,3.2659815984309026,2.076295750209178,0.8883585975134876,-0.43102096978299276,0.1642912443478745,-0.20711497885788396,1.738041146181799,-1.6144389226801437,-0.21483529326374995,0.4512293965890168,-1.9115084695723654,-1.8157139488409964,-0.3793174727661647,-1.9430980553571044,-1.0788833673550104,-1.7584149454700888,1.708789732955481,1.7606693606508776,-1.9613157523830607,2.900312747623294,-2.0633081870301595,-2.708018653756438,-0.15829426923274376,2.7080186537564366,0.0,1.0,1.0,0.0,1.0,0.9761024649341095
73FTCA,0.19600459848839574,-0.3660828571464839,-0.35203119318909465,-0.03642456215979095,0.5847555206130031,0.6688560540599391,0.7918575364279622,0.0,0.0,1.3758545212764368,0.9550115500589225,2.724010399164614,1.7593109999828724,0.0,-0.7538821192694377,-0.6405126152203485,0.8809228486073527,0.8702549428330296,1.433873511541436,-1.3978629210256157,-1.2996622541862395,0.4968414086913733,0.39264254145619776,-0.6593804733957873,0.0,0.8406398721848997,1.158417751883315,0.0,0.661694892740205,1.401035779392224,-0.8076740521687841,0.684962395338609,-0.542578941768233,-0.542578941768233,0.06138278171947504,1.1437143851813076,1.8780878002098584,1.7694126276660325,0.24096888196892582,3.247125907913219,-0.7726139981491852,-2.546436745849586,-0.8052254650661559,-0.6370678657923842,0.12927356151809488,-0.6434166057788805,-1.2280305591413783,-0.7087249813306368,-0.5314358682389468,-0.7379206057072409,-0.11567573192645662,-0.41754343185697484,0.11414059415711167,-0.7209351168339841,0.6730494691282403,-3.55970200103234,1.8334491491792988,1.1261668362508273,-0.6038170577165589,-2.231057943001278,1.1869100645604906,0.09143649646204494,1.7069376825382547,-0.40233003961158853,0.12834935811348117,0.7656445636625572,-0.5403441637079309,1.0336881942616365,0.2965683726824207,0.9529956295288546,-0.2965683726824219,0.0,1.0,1.0,0.0,1.0,-0.5421956130553854
PFBA,0.19600459848839574,1.5015833876061029,-0.35203119318909465,-0.03642456215979095,0.5847555206130031,-1.4950900031928034,-0.5922154880488787,0.0,0.0,-1.0783724626220723,-1.0541657547098484,-0.4467953564767357,-0.992218052123042,0.0,-0.7538821192694377,-0.6405126152203485,-0.9915701629251844,-0.9976093247110343,-0.09227353729624603,0.12257079918588153,-0.25451518057982436,0.4968414086913733,-0.6415698536585158,-0.6593804733957873,0.0,-1.066493585568505,-0.9748292242410928,0.0,-1.0212285338822822,-1.0582291525196585,-0.8076740521687841,-1.0746900758495408,1.076979384860002,1.076979384860002,0.9193900345209879,-0.9078920912074411,0.5241776079846127,-0.5484710111801682,-0.639863198389126,-0.15682730386593297,-2.245170380760263,0.3537755028113736,-0.3539989688172902,0.2946769147456354,1.6228719587990321,0.768863451802699,0.870817409319832,0.5155172916965312,1.1220959804075397,0.4551279671042595,0.10446527697720147,0.2771419879972438,-0.2694246551266157,0.3940594625132341,-0.4267045653950215,0.2091497452580458,0.447545744111839,-1.0946424684426719,-1.5277230540558724,-0.6816176351639971,-1.1019925877158137,0.1980882662331289,-1.9003333514279965,1.8360287028282165,-0.5787990936451971,-2.4861120007343303,1.0611682527079407,-1.2789782818340376,-1.3677537907790143,0.3214925015278062,1.367753790779013,0.0,1.0,1.0,0.0,1.0,2.6928407172504993
HFPO-DA,0.1728046280790797,-1.2859781717261165,3.59993676784663,3.3024936358210386,-0.6642368535118588,0.6688560540599391,-0.5922154880488787,0.0,0.0,-0.12395085777265212,-0.04957710232546295,-0.4467953564767357,-0.07504170142107057,0.0,0.4656330736664175,-0.6405126152203485,-0.055323657158915865,-0.06367719093900233,-0.6009892202421401,0.12257079918588153,0.0938671772889804,0.4968414086913733,-0.06700741422636915,-0.6593804733957873,0.0,-0.09645433427960408,0.020686031283630755,0.0,0.030598607756772315,-0.23847417521569778,-0.09580665903622218,-0.22555545312502662,0.2107260366209001,0.2107260366209001,-0.40451764319898836,-0.09534326148514276,-0.08855893264958131,-0.3704741226650016,-0.20609474476531722,-0.445878794230751,0.7946067233440317,0.22385985174081005,0.1356297824314788,-0.03015154085477517,0.8724789237839699,-0.12852283478559628,0.6428971861158294,-0.06395738420299489,0.6263472400708578,0.42385095145569457,0.14140571912611014,0.28426940338562423,6.128795260678374,0.29965383845013227,-0.3387242426331612,0.23977328313703608,-0.18009196642269842,-0.13145676174163934,0.21297001813361813,0.041837166926813656,-0.08165579985812547,-0.5831826541691035,0.5257869449632129,-0.649575000575514,-0.04162908838853452,0.8235260242382771,-0.7025665106208439,0.18158092906716278,0.9006473126090602,-1.0206137355996785,-0.9006473126090623,0.0,1.0,1.0,0.0,1.0,0.32540328865289736
PFPrA,0.19600459848839574,1.5015833876061029,-0.35203119318909465,-0.03642456215979095,0.5847555206130031,-1.4950900031928034,-0.5922154880488787,0.0,0.0,-1.4874102932718238,-1.4847037485888708,-0.4467953564767357,-1.4508062274740277,0.0,-0.7538821192694377,-0.6405126152203485,-1.4596934158083188,-1.46457539159705,0.4164421456496479,0.9672561993033799,-0.6028975384486291,0.4968414086913733,-1.2161322930906624,-0.6593804733957873,0.0,-1.4846615276162414,-1.4014786194659745,0.0,-1.441959390537904,-1.468106641171639,-0.8076740521687841,-1.4327588926610828,1.450934455906078,1.450934455906078,-0.429758537133118,-1.2436055129806343,0.20965073474349633,-0.4208641659171615,-0.3926187849587561,-0.26824064717874657,0.657869344958718,0.49235219728664115,0.039624144931719965,1.1152961709993037,1.8385021412746247,1.1954897191971345,1.3147663658215423,1.143961658517144,1.4111532396634106,0.7327271822983416,-0.1420045565474944,0.2621744156816434,-0.2611604243793945,1.1077537596375269,-1.0865569861089786,0.03791672359664942,0.12536783130020504,-1.4962264743803413,0.09803901624535505,-0.13275660904169007,-1.4992060540347414,-1.277889313305863,-0.8600237591896753,-0.257800468501271,1.6478766013463693,0.03571332548548356,0.8058340762793978,-1.3407500529717766,-0.3605791843966525,-1.0711858546798443,0.3605791843966521,0.0,1.0,1.0,0.0,1.0,1.7606333866915993
PFBA,0.19600459848839574,-1.2859781717261165,0.2627193785275736,-0.03642456215979095,-2.537725414699152,0.6688560540599391,-0.7825255289144443,0.0,0.0,-1.0783724626220723,-1.0541657547098484,-0.4467953564767357,-0.992218052123042,0.0,-0.7538821192694377,-0.6405126152203485,-0.9915701629251844,-0.9976093247110343,-0.09227353729624603,0.12257079918588153,-0.25451518057982436,0.4968414086913733,-0.6415698536585158,-0.6593804733957873,0.0,-1.066493585568505,-0.9748292242410928,0.0,-1.0212285338822822,-1.0582291525196585,-0.8076740521687841,-1.0746900758495408,1.076979384860002,1.076979384860002,0.9193900345209879,-0.9078920912074411,0.5241776079846127,-0.5484710111801682,-0.639863198389126,-0.15682730386593297,-2.245170380760263,0.3537755028113736,-0.3539989688172902,0.2946769147456354,1.6228719587990321,0.768863451802699,0.870817409319832,0.5155172916965312,1.1220959804075397,0.4551279671042595,0.10446527697720147,0.2771419879972438,-0.2694246551266157,0.3940594625132341,-0.4267045653950215,0.2091497452580458,0.447545744111839,-1.0946424684426719,-1.5277230540558724,-0.6816176351639971,-1.1019925877158137,0.1980882662331289,-1.9003333514279965,1.8360287028282165,-0.5787990936451971,-2.4861120007343303,1.0611682527079407,-1.2789782818340376,-1.3677537907790143,0.3214925015278062,1.367753790779013,1.0,0.0,1.0,1.0,0.0,-0.5754228050357025
PFHxA,0.19600459848839574,1.5015833876061029,-0.35203119318909465,-0.03642456215979095,0.5847555206130031,-1.4950900031928034,-0.5922154880488787,0.0,0.0,-0.26029680132256927,-0.19308976695180374,-0.4467953564767357,-0.07504170142107057,0.0,-0.7538821192694377,-0.6405126152203485,-0.055323657158915865,-0.06367719093900233,-0.6009892202421401,-0.7221146009316172,0.0938671772889804,0.4968414086913733,-0.06700741422636915,-0.6593804733957873,0.0,-0.23024131833806807,0.020686031283630755,0.0,-0.17976682057103857,-0.23847417521569778,-0.8076740521687841,-0.3022844852989285,0.3290514683082256,0.3290514683082256,-0.3589175793349194,-0.2144552132282995,0.38340849749266903,-0.6885690855272705,-0.662998269930935,-0.4078341249067524,0.6683876048345102,0.35501279472633124,0.5292528961804903,0.08952210068221832,0.20690042720930799,0.02594529651238906,0.19498439964535363,0.01765876733214943,0.09174671757612934,0.01624486398745723,0.4001890333671088,0.2450686187495284,-0.25171558923971304,-0.5907836739508747,0.5410789849854482,0.3881464807479192,0.3033165817361825,-0.27824174442215455,0.37390314065207747,-0.11705140254651275,-0.25915903628311543,-0.7965721386064285,0.49319009579254103,-0.911581383922037,0.353216677965106,0.7258649383561856,-0.5169757869865934,-0.030845328345394742,0.7335376245545889,-0.9447555569794294,-0.7335376245545898,0.0,1.0,1.0,0.0,1.0,2.055986204294419
PFBA,0.19600459848839574,1.5015833876061029,-0.35203119318909465,-0.03642456215979095,-0.9764849470430743,-1.4950900031928034,-0.038586278258142294,0.0,0.0,-1.0783724626220723,-1.0541657547098484,-0.4467953564767357,-0.992218052123042,0.0,-0.7538821192694377,-0.6405126152203485,-0.9915701629251844,-0.9976093247110343,-0.09227353729624603,0.12257079918588153,-0.25451518057982436,0.4968414086913733,-0.6415698536585158,-0.6593804733957873,0.0,-1.066493585568505,-0.9748292242410928,0.0,-1.0212285338822822,-1.0582291525196585,-0.8076740521687841,-1.0746900758495408,1.076979384860002,1.076979384860002,0.9193900345209879,-0.9078920912074411,0.5241776079846127,-0.5484710111801682,-0.639863198389126,-0.15682730386593297,-2.245170380760263,0.3537755028113736,-0.3539989688172902,0.2946769147456354,1.6228719587990321,0.768863451802699,0.870817409319832,0.5155172916965312,1.1220959804075397,0.4551279671042595,0.10446527697720147,0.2771419879972438,-0.2694246551266157,0.3940594625132341,-0.4267045653950215,0.2091497452580458,0.447545744111839,-1.0946424684426719,-1.5277230540558724,-0.6816176351639971,-1.1019925877158137,0.1980882662331289,-1.9003333514279965,1.8360287028282165,-0.5787990936451971,-2.4861120007343303,1.0611682527079407,-1.2789782818340376,-1.3677537907790143,0.3214925015278062,1.367753790779013,0.0,1.0,1.0,0.0,1.0,-0.426823418679284
62FTSA,0.19600459848839574,-0.08732670121326197,-0.35203119318909465,-0.03642456215979095,0.5847555206130031,0.6688560540599391,0.7918575364279622,0.0,0.0,1.1031626341766025,0.6679862208062409,2.724010399164614,0.8421346492809009,0.0,0.4656330736664175,1.5612494995995998,0.4127995957242184,0.4032888759470136,2.196947035960277,-0.5109432509022424,-0.777088717383032,-1.4550355540247364,1.0821174715326731,1.1539158284426272,0.0,0.7239943454589265,0.2340107288960714,0.0,0.4513294644123941,0.9911582907402435,1.1654366570573378,0.807728846816852,-0.8530957758935016,-0.8530957758935016,-0.46658818396589824,1.1158377885596242,-0.07066978431143457,2.084577549138204,1.450302295634239,2.0718774193589207,-0.22566448460792998,-2.569945292233783,-0.32519727756736305,-0.4233649344763247,-0.7389973065836244,-0.0991003335859801,-1.4282039725640245,-0.28432099334788524,-1.3069174401135681,-0.2663787713911348,-0.18144773867939118,-0.2336561148367408,0.012608616405536966,-0.04711115608585799,-0.008798032276182675,-0.40677155180108354,-0.16167370403680903,0.9932635614290128,-1.312614845313022,-0.038702408253320546,1.025210931261644,1.2438759253405585,0.1755647619104469,1.7838259785176211,-0.05207852476465239,-0.022378710585120767,0.39432057899034295,0.3677541837461808,-0.8912653559209909,2.807306662468277,0.8912653559209897,0.0,1.0,1.0,0.0,1.0,-0.597574266355914
42FTSA,0.19600459848839574,-0.3660828571464839,-0.35203119318909465,-0.03642456215979095,0.5847555206130031,0.6688560540599391,0.7918575364279622,0.0,0.0,0.28508697287709944,-0.19308976695180374,2.724010399164614,-0.07504170142107057,0.0,0.4656330736664175,1.5612494995995998,-0.5234469100420501,-0.5306432578250183,3.468736243325013,0.12257079918588153,-1.2996622541862395,-1.4550355540247364,1.0821174715326731,1.1539158284426272,0.0,-0.11234153863654696,-0.6903962940911719,0.0,-0.39013224889884945,0.17140331343628265,1.1654366570573378,-0.04652104471925556,-0.10517411861878265,-0.10517411861878265,-0.27132125869782864,0.41054207438020524,-0.05851213755254038,2.6960017480633756,1.8588871126548796,2.7048336757600757,-0.23618274448372223,-2.571182584148741,-0.41160235131714573,-0.17546953414969566,-0.38536380732365294,0.18776905311027817,-0.5145411647636297,-0.03131092358893728,-0.9790083986996501,-0.000963775144483795,-0.5924977534854035,-0.3519712102838679,0.07793539278833296,0.9030554809246513,-0.888601259894789,-0.7276717233781089,-0.14920595719097635,0.18333250082809066,-1.3501149588770447,-0.037734030723941395,0.202261509217618,0.6422010431942518,-0.40778405394458656,2.1545752340357063,0.49008687283921876,-0.5777045770492885,1.153697379794577,-0.4846962579546139,-1.599223291124736,2.6594804682339457,1.5992232911247346,0.0,1.0,1.0,0.0,1.0,-0.6089730391602729
PFOA,0.1728046280790797,-1.2859781717261165,3.59993676784663,3.3024936358210386,-0.6642368535118588,-1.4950900031928034,-0.5922154880488787,0.0,0.0,0.5577788599769338,0.6679862208062409,-0.4467953564767357,0.8421346492809009,0.0,-0.7538821192694377,-0.6405126152203485,0.8809228486073527,0.8702549428330296,-0.8553470617150871,-1.1444573009903662,0.26805835622338325,0.4968414086913733,0.2202738089370787,-0.6593804733957873,0.0,0.606094565757405,0.9450930542708743,0.0,0.661694892740205,0.581280802088263,-0.8076740521687841,0.5263890621792118,-0.4188701858211276,-0.4188701858211276,-0.31731405817373926,0.4846596592061405,0.38498043998277715,-0.7304753460631546,-0.6922295544089618,-0.4493688968638601,0.6789058647103025,0.3562500866412888,0.5292528961804903,-0.23530635491819224,-0.2732361124363448,-0.23150158898425313,-0.33022307121604455,-0.28432099334788524,-0.3744746683204364,-0.27328734914483327,0.6200297134728082,0.2386539448999855,-0.24817377606233262,-1.2783560265528513,1.2889117284612654,0.5503218362760927,0.3047333711504815,0.5328906772645353,0.41378615132765345,-0.10760865514000212,0.5638665665237795,-0.4256255281592056,1.3339105462636538,-0.9192634692292336,-0.19378767265268004,1.0084649097819716,-1.0191246284680584,0.830012937760259,1.0813064348301125,-0.8280506667944304,-1.0813064348301136,0.0,1.0,1.0,0.0,1.0,0.5238434629797919
H-PFOA,0.19600459848839574,-0.3939584727398065,-0.35203119318909465,-0.03642456215979095,0.5847555206130031,0.6688560540599391,-0.6614191392727207,0.0,0.0,0.5577788599769338,0.5244735561799002,0.3459060824336017,0.8421346492809009,0.0,-0.7538821192694377,-0.6405126152203485,0.6468612221657856,0.6367719093900216,-0.09227353729624603,-1.1444573009903662,-0.25451518057982436,0.4968414086913733,0.2202738089370787,-0.6593804733957873,0.0,0.45566782555666935,0.8028765891959136,0.0,0.4513294644123941,0.9911582907402435,-0.8076740521687841,0.34735465377344077,-0.2627870791251754,-0.2627870791251754,-2.0209299208599116,0.46268105272899057,0.4502049833047866,-0.6498366891714128,-0.6708433268843377,-0.3170276908679911,0.657869344958718,0.3178940372775988,-0.5652113713167601,-0.08998836162327177,-0.250235559638948,-0.5625047274799359,-0.11815816788710286,-0.25167453273382745,-0.27967631985480146,-0.304187533279561,0.48708416557646544,0.14516601305571863,-0.19655512845865702,-1.1132225643971658,1.1129510829375449,0.3648553392624896,0.3716058315054028,0.4685492502897147,0.1848369722798273,-0.19867666971443027,0.45855038378614493,-0.5754263979885326,1.3404293850708182,-1.2028033286214674,1.1462929889745517,0.36971286088990724,0.09032572644408765,0.49901919741387574,0.48174397295899835,-0.007874632994301037,-0.4817439729589995,0.0,1.0,1.0,0.0,1.0,-0.3345256631784028
PFOA,0.19600459848839574,-0.4775853195197728,-0.35203119318909465,-0.03642456215979095,0.5847555206130031,0.6688560540599391,-0.038586278258142294,0.0,0.0,0.5577788599769338,0.6679862208062409,-0.4467953564767357,0.8421346492809009,0.0,-0.7538821192694377,-0.6405126152203485,0.8809228486073527,0.8702549428330296,-0.8553470617150871,-1.1444573009903662,0.26805835622338325,0.4968414086913733,0.2202738089370787,-0.6593804733957873,0.0,0.606094565757405,0.9450930542708743,0.0,0.661694892740205,0.581280802088263,-0.8076740521687841,0.5263890621792118,-0.4188701858211276,-0.4188701858211276,-0.31731405817373926,0.4846596592061405,0.38498043998277715,-0.7304753460631546,-0.6922295544089618,-0.4493688968638601,0.6789058647103025,0.3562500866412888,0.5292528961804903,-0.23530635491819224,-0.2732361124363448,-0.23150158898425313,-0.33022307121604455,-0.28432099334788524,-0.3744746683204364,-0.27328734914483327,0.6200297134728082,0.2386539448999855,-0.24817377606233262,-1.2783560265528513,1.2889117284612654,0.5503218362760927,0.3047333711504815,0.5328906772645353,0.41378615132765345,-0.10760865514000212,0.5638665665237795,-0.4256255281592056,1.3339105462636538,-0.9192634692292336,-0.19378767265268004,1.0084649097819716,-1.0191246284680584,0.830012937760259,1.0813064348301125,-0.8280506667944304,-1.0813064348301136,0.0,1.0,1.0,0.0,1.0,-0.4637425208796364
PF4OPeA,0.19600459848839574,-0.4218340883331286,-0.35203119318909465,-0.03642456215979095,0.5847555206130031,0.6688560540599391,-0.7306227904965628,0.0,0.0,-0.9420265190721552,-0.9106530900835076,-0.4467953564767357,-0.992218052123042,0.0,0.4656330736664175,-0.6405126152203485,-0.9915701629251844,-0.9976093247110343,-0.09227353729624603,1.3895988993621293,-0.25451518057982436,0.4968414086913733,-0.6415698536585158,-0.6593804733957873,0.0,-0.9327066015100408,-0.9037209917036128,0.0,-0.8108631055544713,-0.6483516638676782,-0.09580665903622218,-0.9979610436756389,0.9586540066438872,0.9586540066438872,-0.515851067007767,-0.7866430384831403,0.2881592991086839,-0.5069419465842605,-0.49112238888224496,-0.2957384899098827,0.6368328252071305,0.526996370905458,-0.17158825756774868,-0.27804694118140416,1.4489302782687208,0.08479029891162145,1.1027014624926006,-0.12108869027759629,1.1189878378348954,0.564157885108088,0.00946126722296249,0.27239037773832253,-0.26680108981003725,0.6716242180515148,-0.6906455336806026,0.14229554284616572,0.2058414700323985,-0.9391872309544471,0.3009939190072225,-0.19392436765395993,-0.8774701409839956,-1.038646435381535,-0.17922859784947207,-0.8374551700039806,0.9644535966573853,0.3361968993950104,0.14615967039457478,-0.7075893988099546,0.22204648476623745,-0.9188211369383186,-0.22204648476623826,0.0,1.0,1.0,0.0,1.0,-0.3252958876283147
PFOS,0.19600459848839574,-1.2859781717261165,-0.4984003769311585,-0.03642456215979095,-2.537725414699152,-1.4950900031928034,-0.7825255289144443,0.0,0.0,1.1031626341766025,1.2420368793116041,-0.4467953564767357,0.8421346492809009,0.0,0.4656330736664175,1.5612494995995998,1.349046101490487,1.3372210097190456,-0.8553470617150871,-0.5109432509022424,1.3132054298297984,-1.4550355540247364,1.0821174715326731,1.1539158284426272,0.0,1.325701306261868,1.0162012868083543,0.0,1.2927911777236376,0.9911582907402435,1.1654366570573378,1.534097018063123,-1.4772985224090642,-1.4772985224090642,0.8235971385237978,1.203144649230466,-1.2903117338427468,0.4572813256365217,0.9693800873579039,-0.5245931491710094,0.5421684863249886,0.3562500866412888,0.9516777011794288,-0.23530635491819224,-1.5914552946371334,-0.1579453359852125,-1.836478459346847,-0.24351291758031293,-1.678340477544499,-0.012394331064240338,0.5086077294301655,0.2959108485199804,-0.2797877381270992,-0.7912046751981072,0.7610297918901006,0.5145224891781182,-1.410431893800108,1.2116630506098527,1.2832835481398859,1.5828649616013943,1.2096081307763944,2.080830478369278,-0.4765899425606447,0.4730376718470664,-1.5417009672627586,-0.18589249668565297,-0.7289086790487663,1.134410498866783,0.472711016847946,0.6657719275735519,-0.47271101684794714,1.0,0.0,1.0,1.0,0.0,-0.5283509497302532
PFPeA,0.19600459848839574,1.5015833876061029,-0.35203119318909465,-0.03642456215979095,-0.9764849470430743,-1.4950900031928034,-0.038586278258142294,0.0,0.0,-0.6693346319723208,-0.623627760830826,-0.4467953564767357,-0.5336298767720563,0.0,-0.7538821192694377,-0.6405126152203485,-0.5234469100420501,-0.5306432578250183,-0.39750294706378236,-0.3842404408846175,-0.04548576585854112,0.4968414086913733,-0.29683238862027767,-0.6593804733957873,0.0,-0.6483256435207682,-0.4770715964787312,0.0,-0.6004976772266604,-0.6483516638676782,-0.8076740521687841,-0.6961601837916248,0.7030123378353348,0.7030123378353348,-0.42642537168131933,-0.5613988806617138,0.37714563507168386,-0.6436223339614069,-0.6293065142530537,-0.3668009754961838,0.657869344958718,0.3661484219609511,0.5292528961804903,0.3203212665035624,0.5792218756171644,0.21719155430989448,0.5180365420997233,0.24618399163055416,0.41810168770372524,0.199761811226624,0.2624382247034281,0.25017659977786794,-0.2545359219550344,-0.15755657064511583,0.1011773711761435,0.29368796250145546,0.296799350430406,-0.6830677722271435,0.3513425713397847,-0.14978000345130402,-0.6707846042212057,-0.962292081283308,0.050633425967461676,-0.8683607901244713,0.6794495749120383,0.5266490342593185,-0.17270414068460296,-0.46359090281588666,0.4794857339312356,-0.9940309550575397,-0.47948573393123645,0.0,1.0,1.0,0.0,1.0,-0.28837678542796225
PFHxA,0.19600459848839574,-1.2859781717261165,-0.15004171962504656,-0.03642456215979095,-2.537725414699152,0.6688560540599391,-0.7825255289144443,0.0,0.0,-0.26029680132256927,-0.19308976695180374,-0.4467953564767357,-0.07504170142107057,0.0,-0.7538821192694377,-0.6405126152203485,-0.055323657158915865,-0.06367719093900233,-0.6009892202421401,-0.7221146009316172,0.0938671772889804,0.4968414086913733,-0.06700741422636915,-0.6593804733957873,0.0,-0.23024131833806807,0.020686031283630755,0.0,-0.17976682057103857,-0.23847417521569778,-0.8076740521687841,-0.3022844852989285,0.3290514683082256,0.3290514683082256,-0.3589175793349194,-0.2144552132282995,0.38340849749266903,-0.6885690855272705,-0.662998269930935,-0.4078341249067524,0.6683876048345102,0.35501279472633124,0.5292528961804903,0.08952210068221832,0.20690042720930799,0.02594529651238906,0.19498439964535363,0.01765876733214943,0.09174671757612934,0.01624486398745723,0.4001890333671088,0.2450686187495284,-0.25171558923971304,-0.5907836739508747,0.5410789849854482,0.3881464807479192,0.3033165817361825,-0.27824174442215455,0.37390314065207747,-0.11705140254651275,-0.25915903628311543,-0.7965721386064285,0.49319009579254103,-0.911581383922037,0.353216677965106,0.7258649383561856,-0.5169757869865934,-0.030845328345394742,0.7335376245545889,-0.9447555569794294,-0.7335376245545898,1.0,0.0,1.0,1.0,0.0,-0.5809606703657555
PFBS,0.19600459848839574,0.05205137675334899,-0.35203119318909465,-0.03642456215979095,0.5847555206130031,0.6688560540599391,3.2831889804862757,0.0,0.0,-0.5329886884224037,-0.4801150962044853,-0.4467953564767357,-0.992218052123042,0.0,0.4656330736664175,1.5612494995995998,-0.5234469100420501,-0.5306432578250183,-0.09227353729624603,1.3895988993621293,1.835778966633006,-1.4550355540247364,1.0821174715326731,1.1539158284426272,0.0,-0.34688684506404127,-0.9037209917036128,0.0,-0.39013224889884945,-0.6483516638676782,1.1654366570573378,-0.20509437787865278,0.018545992097256426,0.018545992097256426,0.5266523877795399,-0.23689477353030844,-1.8709341536050537,1.0128721896232373,1.6429098247573044,-0.4038551528426998,0.5421684863249886,0.34263987557675374,0.9900799561793322,0.18355139046128424,-0.7044964773875297,-0.03289970588684357,-0.7781358576865203,0.01765876733214943,-1.0520497491567788,0.9269210224295882,-0.19316056179977686,0.3237077685346676,-0.2951355952290818,1.421980893452739,-1.3504979543945594,0.059051277907501476,-2.0049167320400447,-0.4143749455191957,1.342967425459585,1.4902377312252593,-0.4865402413720872,-0.07371690266162037,-0.659309805749887,-0.4264281502906252,-0.4479802566180228,-0.5287055737123353,0.3489551855745219,-0.5945127399772606,-0.4746202552986917,0.25471136992194576,0.47462025529869045,0.0,1.0,1.0,0.0,1.0,-0.5943438449133833
PFMeUPA(239795-58-5 ),0.19600459848839574,0.07992699234667108,-0.35203119318909465,-0.03642456215979095,0.5847555206130031,0.6688560540599391,-0.8344282673323258,0.0,0.0,-0.5329886884224037,-0.4801150962044853,-0.4467953564767357,-0.07504170142107057,0.0,-0.7538821192694377,-0.6405126152203485,-0.5234469100420501,-0.5306432578250183,-0.6009892202421401,-0.7221146009316172,-1.2996622541862395,2.4487183714074825,-2.3652571788497045,2.9672121302810415,0.0,-0.5479017886118837,-0.6192880615536915,0.0,-0.6004976772266604,-1.0582291525196585,-0.8076740521687841,-0.4710883560815126,0.6431137551169722,0.6431137551169722,-0.5938162081067868,-0.14251662284832942,1.7995847708534372,-2.5853853538529843,-2.6732725541183147,-1.2548195436957537,0.10040157154166467,-0.8451603627826836,0.27963823868111704,-0.431913051728967,-0.5478052114552656,-0.4153922214818547,-0.28067519660647866,-0.4883613721857466,-0.6713022840079167,-0.44889083459340007,1.4051893009359238,0.621396151256054,-0.4595019623127032,-2.6901631100337413,3.0265231030080186,1.6208517097360076,1.7532588683299652,-0.5056524497122579,-1.5742028155324796,-1.0047848402268174,-0.4998099483081389,-0.42189894018632546,-0.29131970166056814,0.08837793262656551,0.06062534855503054,0.28413497976882707,0.015574046738537253,-0.5339420866116446,-0.2397633964113252,-0.028622169027189705,0.23976339641132402,0.0,1.0,1.0,0.0,1.0,1.239151068111621
PFPeA,0.19600459848839574,-0.19882916358655084,-0.35203119318909465,-0.03642456215979095,0.5847555206130031,0.6688560540599391,-0.6614191392727207,0.0,0.0,-0.6693346319723208,-0.623627760830826,-0.4467953564767357,-0.5336298767720563,0.0,-0.7538821192694377,-0.6405126152203485,-0.5234469100420501,-0.5306432578250183,-0.39750294706378236,-0.3842404408846175,-0.04548576585854112,0.4968414086913733,-0.29683238862027767,-0.6593804733957873,0.0,-0.6483256435207682,-0.4770715964787312,0.0,-0.6004976772266604,-0.6483516638676782,-0.8076740521687841,-0.6961601837916248,0.7030123378353348,0.7030123378353348,-0.42642537168131933,-0.5613988806617138,0.37714563507168386,-0.6436223339614069,-0.6293065142530537,-0.3668009754961838,0.657869344958718,0.3661484219609511,0.5292528961804903,0.3203212665035624,0.5792218756171644,0.21719155430989448,0.5180365420997233,0.24618399163055416,0.41810168770372524,0.199761811226624,0.2624382247034281,0.25017659977786794,-0.2545359219550344,-0.15755657064511583,0.1011773711761435,0.29368796250145546,0.296799350430406,-0.6830677722271435,0.3513425713397847,-0.14978000345130402,-0.6707846042212057,-0.962292081283308,0.050633425967461676,-0.8683607901244713,0.6794495749120383,0.5266490342593185,-0.17270414068460296,-0.46359090281588666,0.4794857339312356,-0.9940309550575397,-0.47948573393123645,0.0,1.0,1.0,0.0,1.0,-0.3760596531537993
NBP2,0.19600459848839574,-1.27761548704812,-0.35203119318909465,-0.03642456215979095,0.5847555206130031,0.6688560540599391,4.11363279517238,0.0,0.0,0.9668166906266853,0.9550115500589225,0.3459060824336017,0.38354647392991514,0.0,2.9046634595381278,1.5612494995995998,0.6468612221657856,0.6367719093900216,0.1257474696805656,1.208594885051237,0.7906318930265909,-1.4550355540247364,1.0821174715326731,1.1539158284426272,0.0,1.0246805921303241,0.4473354265085124,0.0,1.0824257493958267,0.9911582907402435,2.5891714433224617,1.0481464809617447,-1.1839072936345028,-1.1839072936345028,0.7905646142386706,1.065615915502747,-1.91605554508172,1.4487564835317661,1.961668810350401,0.006068241564127591,0.5316502264491964,-0.023598531250739265,-0.9300327938158433,-0.9789925558980793,-0.9819406455061253,-0.6728391069784968,-1.4381135474859377,-0.3822603751900586,-1.2851604421050618,0.6655255623305434,-0.17464028592566286,0.21109460539824484,-0.23295709722617922,1.075826938554699,-1.0425668247280468,-0.025918256770823506,-2.051104066946198,1.0566818259362043,1.0753452592137647,1.5179026135072673,1.182872959268311,1.1623661764482005,0.5067276628862505,0.8076693078285474,-0.3911216698446747,0.1451551531450257,-0.021025693758381352,0.8620999411012511,-0.06700811078744481,1.5851471180309307,0.06700811078744362,0.0,1.0,1.0,0.0,1.0,-0.6044965980184802
53FTCA,0.19600459848839574,-0.6727146286730284,-0.35203119318909465,-0.03642456215979095,0.5847555206130031,0.6688560540599391,1.6223013511140667,0.0,0.0,0.5577788599769338,0.09393556230087782,2.724010399164614,0.8421346492809009,0.0,-0.7538821192694377,-0.6405126152203485,-0.055323657158915865,-0.06367719093900233,2.196947035960277,-1.1444573009903662,-1.822235790989447,0.4968414086913733,0.2202738089370787,-0.6593804733957873,0.0,0.004387604954463191,0.2340107288960714,0.0,-0.17976682057103857,0.581280802088263,-0.8076740521687841,-0.14882642095112472,0.20534272966062983,0.20534272966062983,-0.03572872918172304,0.43951864944806546,1.888012070930868,1.7791613713522858,0.24251272810212507,3.2646911991190706,-0.7831322580249803,-2.546436745849586,-0.8148260288161321,-0.40626869997103987,0.46134404253050704,-0.45952597328127903,-0.6156188289671439,-0.5046846024927756,-0.11805290607732544,-0.5223729797918324,-0.5158138004066392,-0.5529643242362169,0.18891220567958916,0.15193500597599002,-0.20675375849036917,-0.8531850969384773,1.8436500329622525,0.31572507287264634,-0.6357712303416613,-2.248490871520233,0.3640909892271529,-0.20731207233561624,0.7860328837417585,-0.17283660500367726,0.45305341612141004,0.46786784202363746,-0.058032321296234445,0.17128563387753926,-0.16298326946737765,0.8427743443541335,0.16298326946737726,0.0,1.0,1.0,0.0,1.0,-0.6049580867959846
H-PFBA,0.19600459848839574,-0.19882916358655084,-0.35203119318909465,-0.03642456215979095,0.5847555206130031,0.6688560540599391,-0.6614191392727207,0.0,0.0,-1.0783724626220723,-1.1976784193361891,0.3459060824336017,-0.992218052123042,0.0,-0.7538821192694377,-0.6405126152203485,-1.2256317893667517,-1.2310923581540423,1.433873511541436,0.12257079918588153,-1.2996622541862395,0.4968414086913733,-0.6415698536585158,-0.6593804733957873,0.0,-1.2169203257692403,-1.1170456893160534,0.0,-1.231593962210093,-0.6483516638676782,-0.8076740521687841,-1.223032871385751,1.2330563423666843,1.2330563423666843,-0.6011337068642141,-0.9202223153138388,0.8698721155982899,-0.0769010638121692,-0.49654422946907256,0.5896508109589029,0.4790589270702293,0.33397883217204943,-0.6708175725664938,0.9528819431990986,0.9184800293787635,-0.025544080586939556,0.9580216686326682,0.4502243704684157,0.7739840122714372,0.16597258548580626,-0.17834434110048572,-0.027317439343105696,-0.10131970746686979,0.4739528951750513,-0.5146848881568818,-0.2303627209207025,0.8014597398037746,-1.151453045384941,-1.1770762944622477,-0.8426349288098355,-1.1814503904282014,-1.1823553924911654,-0.4822721725143404,-1.092713136872951,2.7698950541202367,-0.7659973559296901,1.9608407098858276,-1.39119699940093,-1.6161600838329593,0.4200432976840275,1.616160083832958,0.0,1.0,1.0,0.0,1.0,-0.431438306454328
PFOA,0.19600459848839574,1.5015833876061029,-0.35203119318909465,-0.03642456215979095,-0.9764849470430743,-1.4950900031928034,0.7918575364279622,0.0,0.0,0.5577788599769338,0.6679862208062409,-0.4467953564767357,0.8421346492809009,0.0,-0.7538821192694377,-0.6405126152203485,0.8809228486073527,0.8702549428330296,-0.8553470617150871,-1.1444573009903662,0.26805835622338325,0.4968414086913733,0.2202738089370787,-0.6593804733957873,0.0,0.606094565757405,0.9450930542708743,0.0,0.661694892740205,0.581280802088263,-0.8076740521687841,0.5263890621792118,-0.4188701858211276,-0.4188701858211276,-0.31731405817373926,0.4846596592061405,0.38498043998277715,-0.7304753460631546,-0.6922295544089618,-0.4493688968638601,0.6789058647103025,0.3562500866412888,0.5292528961804903,-0.23530635491819224,-0.2732361124363448,-0.23150158898425313,-0.33022307121604455,-0.28432099334788524,-0.3744746683204364,-0.27328734914483327,0.6200297134728082,0.2386539448999855,-0.24817377606233262,-1.2783560265528513,1.2889117284612654,0.5503218362760927,0.3047333711504815,0.5328906772645353,0.41378615132765345,-0.10760865514000212,0.5638665665237795,-0.4256255281592056,1.3339105462636538,-0.9192634692292336,-0.19378767265268004,1.0084649097819716,-1.0191246284680584,0.830012937760259,1.0813064348301125,-0.8280506667944304,-1.0813064348301136,0.0,1.0,1.0,0.0,1.0,-0.35298521427857904
PF5OHxA,0.19600459848839574,-0.4218340883331286,-0.35203119318909465,-0.03642456215979095,0.5847555206130031,0.6688560540599391,-0.038586278258142294,0.0,0.0,-0.5329886884224037,-0.4801150962044853,-0.4467953564767357,-0.5336298767720563,0.0,0.4656330736664175,-0.6405126152203485,-0.5234469100420501,-0.5306432578250183,-0.39750294706378236,0.6293820392563806,-0.04548576585854112,0.4968414086913733,-0.29683238862027767,-0.6593804733957873,0.0,-0.5146222763273406,-0.4059633639412509,0.0,-0.39013224889884945,-0.23847417521569778,-0.09580665903622218,-0.6194311516177229,0.5846928351617042,0.5846928351617042,-0.45936429058745876,-0.4398669763369677,0.35190876259402637,-0.5887851297373653,-0.5792106865206879,-0.33025267173473744,0.657869344958718,0.4045044713246411,0.3660433124308997,-0.4746536379921789,0.8796665965331563,-0.20943471308454098,0.7439748503193436,-0.39042199034357317,0.6698612360878706,0.33039673602383907,0.17223947571652695,0.2584919177309789,-0.25912716125904595,0.13895041366957672,-0.18475867779990332,0.23847933083229017,0.27101378309016094,-0.5334071297242584,0.23008017467627526,-0.14899506307506757,-0.4638632396914461,-0.8217329937568891,0.20926831956154418,-0.889764261649599,0.4448047967295789,0.5369902053808305,-0.2564073352907179,-0.26677917644092464,0.5472329047641292,-0.8909416353941245,-0.5472329047641308,0.0,1.0,1.0,0.0,1.0,-0.49143184752990077
PFBS,0.19600459848839574,-1.2859781717261165,-0.1061309645024274,-0.03642456215979095,-2.537725414699152,0.6688560540599391,-0.7825255289144443,0.0,0.0,-0.5329886884224037,-0.4801150962044853,-0.4467953564767357,-0.992218052123042,0.0,0.4656330736664175,1.5612494995995998,-0.5234469100420501,-0.5306432578250183,-0.09227353729624603,1.3895988993621293,1.835778966633006,-1.4550355540247364,1.0821174715326731,1.1539158284426272,0.0,-0.34688684506404127,-0.9037209917036128,0.0,-0.39013224889884945,-0.6483516638676782,1.1654366570573378,-0.20509437787865278,0.018545992097256426,0.018545992097256426,0.5266523877795399,-0.23689477353030844,-1.8709341536050537,1.0128721896232373,1.6429098247573044,-0.4038551528426998,0.5421684863249886,0.34263987557675374,0.9900799561793322,0.18355139046128424,-0.7044964773875297,-0.03289970588684357,-0.7781358576865203,0.01765876733214943,-1.0520497491567788,0.9269210224295882,-0.19316056179977686,0.3237077685346676,-0.2951355952290818,1.421980893452739,-1.3504979543945594,0.059051277907501476,-2.0049167320400447,-0.4143749455191957,1.342967425459585,1.4902377312252593,-0.4865402413720872,-0.07371690266162037,-0.659309805749887,-0.4264281502906252,-0.4479802566180228,-0.5287055737123353,0.3489551855745219,-0.5945127399772606,-0.4746202552986917,0.25471136992194576,0.47462025529869045,1.0,0.0,1.0,1.0,0.0,-0.6003431990209405
62Cl-PFESA,0.19600459848839574,0.49806122624650395,-0.35203119318909465,-0.03642456215979095,0.5847555206130031,0.6688560540599391,-0.8574961510736065,0.0,0.0,1.2395085777265198,1.3855495439379448,-0.4467953564767357,0.8421346492809009,0.0,1.6851482666022728,1.5612494995995998,1.11498447504892,1.3372210097190456,-0.8553470617150871,0.12257079918588153,0.7906318930265909,-1.4550355540247364,1.0821174715326731,1.1539158284426272,0.0,1.5970380333054408,1.2295259844207949,0.0,1.2927911777236376,1.8109132680442044,1.8773040501898997,1.6824398135993335,-2.1623270094161797,-2.1623270094161797,0.7033895178070271,1.6001530499427326,-1.7496150639238324,0.9401463116491319,1.5315959737523972,-0.38485513613298317,0.5737232659523682,0.3525382108964157,0.7980686811798144,-0.5943272795291723,-0.3695509272754426,-0.43745909738156685,0.25444184917683277,-0.406745220650602,-0.19731054167974152,0.043753564497640826,0.5041027974607863,0.3197876900710576,-0.29297115384290456,-0.7158940398209068,0.6730494691282403,0.5317751865747324,-1.8808059793474363,1.59608663685882,1.2628935911185182,1.4828895801488107,1.629534392647914,2.067337779287268,0.1784344799308999,0.22818006662476217,-1.5308071009625124,0.3173484782801627,-0.9556201103014319,1.568528779362558,0.6251421512219573,0.7442235481979126,-0.6251421512219589,0.0,1.0,1.0,0.0,1.0,3.56966939450887
PFHxS,0.19600459848839574,-0.17095354799322876,-0.35203119318909465,-0.03642456215979095,0.5847555206130031,0.6688560540599391,0.37663562908491,0.0,0.0,0.28508697287709944,0.3809608915535594,-0.4467953564767357,-0.07504170142107057,0.0,0.4656330736664175,1.5612494995995998,0.4127995957242184,0.4032888759470136,-0.6009892202421401,0.12257079918588153,1.4873966087642003,-1.4550355540247364,1.0821174715326731,1.1539158284426272,0.0,0.48944903903143167,0.09179426382111107,0.0,0.4513294644123941,0.17140331343628265,1.1654366570573378,0.6440402448458613,-0.7293774485996186,-0.7293774485996186,0.422384135184829,0.47661410257124653,-1.420052339364467,0.5707756244601722,1.1126538153656318,-0.5084795876231443,-1.5614834888336913,1.3658802892468105,-4.357434052557231,-1.671390053362112,0.6510986031090287,-1.3642678851694783,0.6448791011002117,-1.6065026482172267,-0.10717440707307214,-4.6636257063681965,-4.742040645280142,-5.018646435826439,2.654604479332659,1.5643531290948274,-1.4604733578468858,-3.9013054094853024,0.9131027456505502,0.3980052036896183,1.2544021982933795,1.443762008785575,0.3477076905712523,0.7378503509840588,-0.292765784649931,-0.21071519486454648,-1.1005669354512504,-0.08339583171193966,-0.3969189934268419,0.2804157628875446,0.15655755296110657,0.36363593409461115,-0.15655755296110738,0.0,1.0,1.0,0.0,1.0,-0.5514253886054734
PFNA,0.19600459848839574,1.5015833876061029,-0.35203119318909465,-0.03642456215979095,-0.9764849470430743,-1.4950900031928034,0.7918575364279622,0.0,0.0,0.9668166906266853,1.0985242146852632,-0.4467953564767357,1.3007228246318867,0.0,-0.7538821192694377,-0.6405126152203485,1.349046101490487,1.3372210097190456,-0.9401330088727361,-1.2852382010099495,0.32612208253485053,0.4968414086913733,0.31603421665822773,-0.6593804733957873,0.0,1.0242625078051415,1.4428506820332356,0.0,1.0824257493958267,0.9911582907402435,-0.8076740521687841,0.9611869111646558,-0.7928310191765348,-0.7928310191765348,-0.41018076862777597,0.836066127763428,0.383610525312697,-0.7395322165335385,-0.697674015451953,-0.45965853562566283,0.6789058647103025,0.3562500866412888,0.5292528961804903,-0.3549799964551856,-0.43423998201812036,-0.3124134672831978,-0.534360314607456,-0.39042199034357317,-0.5423143672432001,-0.38771851884701114,0.7107290104563072,0.23841636438703898,-0.24804259779650342,-1.5560735420006189,1.6188379388182441,0.6232144827767885,0.3033165817361825,0.9377894130175496,0.43220185951717544,-0.09950329255930652,0.9751463909996174,-0.22702051406183155,1.7392745698695768,-0.9071375930366433,-0.4146871221416824,1.1142733529934146,-1.2085883139363913,1.2632732769902322,1.215671656982019,-0.781368710720431,-1.2156716569820203,0.0,1.0,1.0,0.0,1.0,-0.20069391770212514
Cl-PFPeA,0.19600459848839574,0.49806122624650395,-0.35203119318909465,-0.03642456215979095,0.5847555206130031,0.6688560540599391,-0.8517291801382864,0.0,0.0,-0.6693346319723208,-0.623627760830826,-0.4467953564767357,-0.5336298767720563,0.0,-0.7538821192694377,-0.6405126152203485,-0.7575085364836173,-0.5306432578250183,-0.39750294706378236,-0.3842404408846175,-0.881603424743673,0.4968414086913733,-0.29683238862027767,-0.6593804733957873,0.0,-0.5107759005356599,-0.2637468988662902,0.0,-0.8108631055544713,-0.23847417521569778,-0.8076740521687841,-0.6450074956756902,0.1363001279296775,0.1363001279296775,-0.4515909743323501,-0.2317091608554747,0.3885394506205966,-0.7846561043143087,-0.7308045010612625,-0.5018968544594794,0.6683876048345102,0.3537755028113736,0.5292528961804903,0.01258904540843677,0.2025878235597962,0.746796575902987,0.6448791011002117,0.5971334432316758,0.09485486014877277,-0.025332213039348093,0.734254766296398,0.4237291644849491,-0.3503616451430515,-1.1512597818594845,1.1569412443184734,0.8082496623554761,0.30841702362765927,-0.45313527038112317,0.36977950801136866,-0.12958271969430052,-0.46381271648280736,-0.8674697495627698,0.260340562518197,-0.9422388135941414,0.5302064509501782,0.5698361539374586,-0.28031822806663453,-0.25459641046653714,0.5867520877499851,-0.9363268704660681,-0.5867520877499856,0.0,1.0,1.0,0.0,1.0,3.149714606979861
PFOS,0.19600459848839574,1.5015833876061029,-0.35203119318909465,-0.03642456215979095,0.5847555206130031,-1.4950900031928034,-0.5922154880488787,0.0,0.0,1.1031626341766025,1.2420368793116041,-0.4467953564767357,0.8421346492809009,0.0,0.4656330736664175,1.5612494995995998,1.349046101490487,1.3372210097190456,-0.8553470617150871,-0.5109432509022424,1.3132054298297984,-1.4550355540247364,1.0821174715326731,1.1539158284426272,0.0,1.325701306261868,1.0162012868083543,0.0,1.2927911777236376,0.9911582907402435,1.1654366570573378,1.534097018063123,-1.4772985224090642,-1.4772985224090642,0.8235971385237978,1.203144649230466,-1.2903117338427468,0.4572813256365217,0.9693800873579039,-0.5245931491710094,0.5421684863249886,0.3562500866412888,0.9516777011794288,-0.23530635491819224,-1.5914552946371334,-0.1579453359852125,-1.836478459346847,-0.24351291758031293,-1.678340477544499,-0.012394331064240338,0.5086077294301655,0.2959108485199804,-0.2797877381270992,-0.7912046751981072,0.7610297918901006,0.5145224891781182,-1.410431893800108,1.2116630506098527,1.2832835481398859,1.5828649616013943,1.2096081307763944,2.080830478369278,-0.4765899425606447,0.4730376718470664,-1.5417009672627586,-0.18589249668565297,-0.7289086790487663,1.134410498866783,0.472711016847946,0.6657719275735519,-0.47271101684794714,0.0,1.0,1.0,0.0,1.0,-0.25145768322760975
C7 HFPO-TA,0.1728046280790797,-1.2859781717261165,1.8435065629418634,-2.7075591205444547,0.5847555206130031,0.6688560540599391,-0.5922154880488787,0.0,0.0,0.4214329164270166,0.5244735561799002,-0.4467953564767357,0.38354647392991514,0.0,1.6851482666022728,-0.6405126152203485,0.4127995957242184,0.4032888759470136,-0.7463365582266812,0.4845788278076665,0.19340499382292528,0.4968414086913733,0.0971532847241727,-0.6593804733957873,0.0,0.4555005918265964,0.589551891583473,0.0,0.661694892740205,0.17140331343628265,0.623798423152128,0.26039508397635197,-0.28155792915975847,-0.28155792915975847,-0.5153403072224182,0.3594926089683798,-0.05308506145552566,-0.3403859735965699,-0.20380300980019417,-0.3879456411442717,0.7840884634682366,0.09765607641511966,0.1548309099314311,-0.5857791622765299,-1.4764525306501506,-1.195088503271685,0.5755120766468195,-0.7576946722517235,0.47715639658395687,0.30967100276274373,0.15482040543492773,0.23829757413056624,-0.24797700866358913,0.1403252528549612,-0.18475867779990332,0.2091497452580458,-0.14382215741663942,0.40778341473304364,0.13667485359973874,-0.003245712943080114,0.4470863668240498,-0.262438470301816,0.9739850522156641,-0.6901955039614133,-0.4013186700238869,0.9239896785250143,-0.9381239675412386,0.6812459222702046,0.9729109614974808,-0.7437638016608205,-0.9729109614974828,0.0,1.0,1.0,0.0,1.0,0.01159091994990155
63FTCA,0.19600459848839574,-0.17095354799322876,-0.35203119318909465,-0.03642456215979095,0.5847555206130031,0.6688560540599391,1.2070794437710146,0.0,0.0,0.9668166906266853,0.5244735561799002,2.724010399164614,1.3007228246318867,0.0,-0.7538821192694377,-0.6405126152203485,0.4127995957242184,0.4032888759470136,1.7730173001720322,-1.2852382010099495,-1.5319171594321097,0.4968414086913733,0.31603421665822773,-0.6593804733957873,0.0,0.4224719301371632,0.660660124120953,0.0,0.2409640360845832,0.9911582907402435,-0.8076740521687841,0.26039508397635197,-0.1686181084128255,-0.1686181084128255,0.012813799421845466,0.7912184351150153,1.8818848162247004,1.7737847662410131,0.24199387138886064,3.2545014597627233,-0.7831322580249803,-2.546436745849586,-0.8052254650661559,-0.5344904587606756,0.27302701650182293,-0.5551491021800318,-0.9683996961872532,-0.6107855994884633,-0.354271741598252,-0.6395675805954901,-0.3001777234723601,-0.4805022677876751,0.14890283460177225,-0.31978759452054545,0.25514293600940136,-0.680658122972335,1.8374161595393361,0.7211452630403352,-0.6120908586005541,-2.245233795556885,0.7753711304629192,-0.06519125565639378,1.2543757404728022,-0.30865587323491217,0.2947581434648933,0.6302253772249853,-0.31543107271026094,0.6021437375632672,0.08768126261433083,0.8991817079435498,-0.08768126261433164,0.0,1.0,1.0,0.0,1.0,-0.5906519346933481
C7 HFPO-TA,-5.147721919123863,-1.2859781717261165,1.8435065629418634,-2.3736673007463716,0.5847555206130031,0.6688560540599391,-0.5922154880488787,0.0,0.0,0.4214329164270166,0.5244735561799002,-0.4467953564767357,0.38354647392991514,0.0,1.6851482666022728,-0.6405126152203485,0.4127995957242184,0.4032888759470136,-0.7463365582266812,0.4845788278076665,0.19340499382292528,0.4968414086913733,0.0971532847241727,-0.6593804733957873,0.0,0.4555005918265964,0.589551891583473,0.0,0.661694892740205,0.17140331343628265,0.623798423152128,0.26039508397635197,-0.28155792915975847,-0.28155792915975847,-0.5153403072224182,0.3594926089683798,-0.05308506145552566,-0.3403859735965699,-0.20380300980019417,-0.3879456411442717,0.7840884634682366,0.09765607641511966,0.1548309099314311,-0.5857791622765299,-1.4764525306501506,-1.195088503271685,0.5755120766468195,-0.7576946722517235,0.47715639658395687,0.30967100276274373,0.15482040543492773,0.23829757413056624,-0.24797700866358913,0.1403252528549612,-0.18475867779990332,0.2091497452580458,-0.14382215741663942,0.40778341473304364,0.13667485359973874,-0.003245712943080114,0.4470863668240498,-0.262438470301816,0.9739850522156641,-0.6901955039614133,-0.4013186700238869,0.9239896785250143,-0.9381239675412386,0.6812459222702046,0.9729109614974808,-0.7437638016608205,-0.9729109614974828,0.0,1.0,1.0,0.0,1.0,0.8561153827829642
HFPO-TeA,0.19600459848839574,-0.5333365507064175,-0.35203119318909465,-0.03642456215979095,0.5847555206130031,0.6688560540599391,0.37663562908491,0.0,0.0,2.6029680132256914,2.8206761902013526,-0.4467953564767357,2.6764873506848437,0.0,2.9046634595381278,-0.6405126152203485,2.75341586013989,2.7381192103770933,-1.1097049031880342,-0.29977190087286765,0.4422495351577861,0.4968414086913733,0.5075550321005265,-0.6593804733957873,0.0,2.680043669258707,3.007231797857801,0.0,2.9757146043461247,2.220790756696185,1.3356658162846897,2.572496586816595,-2.2697004016045215,-2.2697004016045215,-0.9309949926196365,2.1604925359344676,0.1408339707310548,-0.24469282239326456,-0.23794717460135742,-0.14140878711771943,-1.9296225844864607,0.1125035793946127,0.20283372868131053,-1.8850929846781719,0.5059076135754628,-1.6658485224655448,-0.0983390180432765,-1.8595127179761748,0.1368147848794638,0.132937022772663,0.3262080394699722,0.2564724833709381,-0.2580121459995005,-0.33598014492619105,0.2771380166998672,0.34415210238655236,0.054811718468106,2.5562643042017976,-0.1733830482897166,-1.6407315883082487,2.222528460041816,1.7959396038506927,1.3847771369574224,-0.06638653983149405,-1.5411320969598736,1.0508671571609964,-1.4574625306779951,2.414115690936937,1.2168007764959012,-0.024083645519995294,-1.216800776495902,0.0,1.0,1.0,0.0,1.0,-0.5514253886054734
