Name,Kobs,UV_wave,UV_Energy,CPFAS,Electron_donor,CED,pH,Temp,Time,water,Air_condition,nAcid,nBase,nAtom,nHeavyAtom,nH,nC,nN,nO,nS,nF,nX,H_C,O_C,F_C,DBE,HybRatio,nAtomP,nRing,MW,ClogP,HBDC,HBAC,RBC,TPSA,CPLX,EB3LYP,EEE,μ,α,EHOMO,ELUMO,EGAP,ELUMO_EHOMO,qH,qC,qF,f_min,f_max,f_zmin,f_zmax,f_0min,f_0max,IP,EA,ζ,CI,η,S,EI,NI,Volume,ESP_min,ESP_max,SAG,ESP_Positive_surface_area,ESP_Average_Negative_surface_area,ESP_Overall_average_value,ESP_Positive_average_value,ESP_Negative_average_value,MPI,Nonpolar_surface_area,Nonpolar_surface_area_1,Polar_surface_area,Polar_surface_area_1
8:2FTSA,0.068,254,11.3,25,SO32-,10,12,25,48,Milli-Q water,S,1,0,36,31,5,10,0,3,1,17,17,0.5,0.3,1.7,0,1,4,0,528.18,5.3,1,20,9,62.8,760,-2705.180153,-2705.180153,2.063278,135.429,-8.641007,-0.224531,8.416475,-8.865538,0.1946,-0.0605,-0.105,0.0095,0.1256,0.0116,0.0674,0.0108,0.0865,10.3327,-1.2925,4.5201,-4.5201,11.6252,0.086,0.8788,0.4802,363.8444,-28.35067,64.80412,345.98856,196.16571,149.82286,2.69375,9.25761,-5.90044,7.80386,245.49,70.95,100.5,29.05
6:2FTSA,0.03,254,12.3,25,SO32-,10,12,25,48,Milli-Q water,S,1,0,30,25,5,8,0,3,1,13,13,0.625,0.375,1.625,0,1,4,0,428.17,3.9,1,16,7,62.8,585,-2229.609542,-2229.609542,2.081486,112.936667,-8.640611,0.042413,8.683024,-8.598198,0.1946,-0.0605,-0.1043,0.0115,0.1416,0.0153,0.092,0.0137,0.1007,10.4908,-1.6017,4.4445,-4.4445,12.0925,0.0827,0.8168,0.4806,303.5471,-28.36951,64.71108,294.03013,164.21081,129.81932,2.91474,10.53258,-6.72121,8.84979,195.37,66.45,98.66,33.55
4:2FTSA,0.0053,254,11.3,25,SO32-,10,12,25,48,Milli-Q water,S,1,0,24,19,5,6,0,3,1,9,9,0.833333333,0.5,1.5,0,1,4,0,328.15,2.6,1,12,5,62.8,418,-1754.038934,-1754.038934,2.177445,90.495,-8.636218,0.335809,8.972026,-8.300409,0.1945,-0.0606,-0.1052,0.0144,0.1662,0.0192,0.1381,0.0168,0.1218,10.7021,-2.0123,4.3449,-4.3449,12.7145,0.0787,0.7424,0.485,243.28234,-28.44017,64.71562,242.06968,136.41801,105.65167,3.22844,12.05747,-8.17166,10.3615,145.69,60.18,96.38,39.82
NBP1,3.91,254,7.95,25,SO32-,10,12,25,2,Milli-Q water,S,1,0,27,26,1,7,0,5,1,13,13,0.142857143,0.714285714,1.857142857,1,0.714285714,4,0,444.13,3.7,1,18,7,81.2,657,-2339.45497,-2339.45497,3.003065,109.086,-7.322536,-0.331037,6.991499,-7.653573,0.1916,0.1185,-0.0998,-0.0038,0.1504,0.0142,0.089,0.0101,0.1,9.8457,-1.4395,4.2031,-4.2031,11.2852,0.0886,0.7827,1.7987,295.1593,-24.68713,69.09631,279.53809,195.8281,83.70999,2.70025,7.95502,-9.59259,8.44541,193.73,69.3,85.81,30.7
6:2H-PFESA,0.044,254,12.9,25,SO32-,10,12,25,72,Milli-Q water,S,1,0,31,29,2,8,0,4,1,16,16,0.25,0.5,2,0,1,4,0,498.14,4.8,1,20,9,72,707,-2602.499291,-2602.499291,4.490013,119.055,-9.192581,-0.335353,8.857229,-9.527934,0.1924,0.1751,-0.1062,0.0114,0.0854,0.0177,0.0755,0.019,0.0804,10.6624,-1.2101,4.7261,-4.7261,11.8725,0.0842,0.9407,-0.0714,327.35248,-24.52895,70.12045,317.87801,186.35506,131.52295,2.23874,8.67191,-6.87644,7.92903,232.25,73.06,85.63,26.94
NBP2,0.015,254,8.03,25,SO32-,10,12,25,144,Milli-Q water,S,1,0,29,27,2,7,0,5,1,14,14,0.285714286,0.714285714,2,0,1,4,0,464.13,4.2,1,19,7,81.2,632,-2439.95809,-2439.95809,2.699282,111.338667,-9.307416,-0.26269,9.044726,-9.570106,0.2018,0.1453,-0.1106,0.005,0.1247,0.0075,0.0915,0.0125,0.1021,11.2327,-1.5949,4.8189,-4.8189,12.8276,0.078,0.9051,-0.1862,308.26588,-23.86997,72.00884,303.9848,160.44568,143.53912,2.08879,9.57899,-6.28363,8.02295,224.18,73.75,79.81,26.25
7:3FTCA,0.15,254,11.3,25,SO32-,10,12,25,48,Milli-Q water,S,1,0,32,27,5,10,0,2,0,15,15,0.5,0.2,1.5,1,0.9,3,0,442.12,5.2,1,17,8,37.3,561,-2032.165494,-2032.165494,2.340944,113.823667,-7.936454,-0.108821,7.827633,-8.045275,0.1894,-0.0586,-0.1093,0.009,0.202,0.0079,0.1021,0.0085,0.1506,10.1154,-1.536,4.2897,-4.2897,11.6514,0.0858,0.0858,1.1847,313.43607,-27.03395,54.43276,304.2397,110.97688,193.26281,1.06498,11.04005,-4.66298,6.98913,234.18,76.97,70.06,23.03
6:3FTCA,0.045,254,12,25,SO32-,10,12,25,60,Milli-Q water,S,1,0,29,24,5,9,0,2,0,13,13,0.555555556,0.222222222,1.444444444,1,0.888888889,3,0,392.11,4.5,1,15,7,37.3,478,-1794.380187,-1794.380187,2.317076,102.607667,-7.935082,-0.106723,7.828358,-8.041805,0.1893,-0.0586,-0.1093,0.0102,0.212,0.0091,0.1152,0.0097,0.162,10.1937,-1.7203,4.2367,-4.2367,11.914,0.0839,0.7533,1.1861,283.29952,-27.04954,54.3663,278.25542,103.74187,174.51355,1.14424,11.50809,-5.01668,7.43687,209.03,75.12,69.23,24.88
5:3FTCA,0.014,254,10.2,25,SO32-,10,12,25,72,Milli-Q water,S,1,0,26,21,5,8,0,2,0,11,11,0.625,0.25,1.375,1,0.875,3,0,342.11,3.9,1,13,6,37.3,398,-1556.594877,-1556.594877,2.293221,91.417,-7.932868,-0.104143,7.828725,-8.037011,0.1893,-0.0586,-0.1094,0.0117,0.2251,0.0104,0.133,0.011,0.1772,10.287,-1.9357,4.1757,-4.1757,12.2228,0.0818,0.7133,1.1883,253.13331,-27.09416,54.35103,252.28748,97.17697,155.1105,1.25916,11.95331,-5.44074,7.94928,183.92,72.9,68.36,27.1
6:2Cl-PFESA,9.06,254,14.4,25,SO32-,10,12,25,0.333333333,Milli-Q water,S,1,0,31,30,1,8,0,4,1,16,17,0.125,0.5,2,0,1,4,0,532.58,5.3,1,20,9,72,756,-3062.092313,-3062.092313,2.656442,128.347,-9.247275,-0.50675,8.740525,-9.754025,0.2022,0.1757,-0.0926,0.0095,0.1673,0.0107,0.1769,0.0122,0.1721,10.7377,-0.9169,4.9104,-4.9104,11.6547,0.0858,1.0344,-0.1261,348.40152,-23.51658,71.84469,332.18669,202.24848,129.93821,1.59847,6.37352,-5.83388,6.16243,265.35,79.88,66.84,20.12
PFOS,1.7,253.7,8,160,SO32-,20,9.5,20,8,Milli-Q water,S,1,0,30,29,1,8,0,3,1,17,17,0.125,0.375,2.125,0,1,4,0,500.13,5,1,20,7,62.8,727,-2626.512716,-2626.512716,2.715515,115.714667,-9.081312,-0.738456,8.342856,-9.819768,0.2019,0.176,-0.091,0.0137,0.0823,0.0145,0.0714,0.0142,0.0768,10.693,-0.9124,4.8903,-4.8903,11.6054,0.0862,1.0304,0.0399,319.79761,-23.47816,72.3134,305.67284,202.87174,102.8011,1.80565,6.34288,-7.14829,6.61375,240.05,78.53,65.63,21.47
PFOS,0.18,254,8,20,I-,10,7,20,2.5,Milli-Q water,A,1,0,30,29,1,8,0,3,1,17,17,0.125,0.375,2.125,0,1,4,0,500.13,5,1,20,7,62.8,727,-2626.512716,-2626.512716,2.715515,115.714667,-9.081312,-0.738456,8.342856,-9.819768,0.2019,0.176,-0.091,0.0137,0.0823,0.0145,0.0714,0.0142,0.0768,10.693,-0.9124,4.8903,-4.8903,11.6054,0.0862,1.0304,0.0399,319.79761,-23.47816,72.3134,305.67284,202.87174,102.8011,1.80565,6.34288,-7.14829,6.61375,240.05,78.53,65.63,21.47
PFOS,0.78,254,18,25,SO32-,10,12,20,8,Milli-Q water,S,1,0,30,29,1,8,0,3,1,17,17,0.125,0.375,2.125,0,1,4,0,500.13,5,1,20,7,62.8,727,-2626.512716,-2626.512716,2.715515,115.714667,-9.081312,-0.738456,8.342856,-9.819768,0.2019,0.176,-0.091,0.0137,0.0823,0.0145,0.0714,0.0142,0.0768,10.693,-0.9124,4.8903,-4.8903,11.6054,0.0862,1.0304,0.0399,319.79761,-23.47816,72.3134,305.67284,202.87174,102.8011,1.80565,6.34288,-7.14829,6.61375,240.05,78.53,65.63,21.47
PFOS,0.87,185,8,37.2,SO32-,20,10,25,0.166666667,Milli-Q water,N,1,0,30,29,1,8,0,3,1,17,17,0.125,0.375,2.125,0,1,4,0,500.13,5,1,20,7,62.8,727,-2626.512716,-2626.512716,2.715515,115.714667,-9.081312,-0.738456,8.342856,-9.819768,0.2019,0.176,-0.091,0.0137,0.0823,0.0145,0.0714,0.0142,0.0768,10.693,-0.9124,4.8903,-4.8903,11.6054,0.0862,1.0304,0.0399,319.79761,-23.47816,72.3134,305.67284,202.87174,102.8011,1.80565,6.34288,-7.14829,6.61375,240.05,78.53,65.63,21.47
PFOS,0.25,254,18,25,SO32-,10,12,25,24,Milli-Q water,S,1,0,30,29,1,8,0,3,1,17,17,0.125,0.375,2.125,0,1,4,0,500.13,5,1,20,7,62.8,727,-2626.512716,-2626.512716,2.715515,115.714667,-9.081312,-0.738456,8.342856,-9.819768,0.2019,0.176,-0.091,0.0137,0.0823,0.0145,0.0714,0.0142,0.0768,10.693,-0.9124,4.8903,-4.8903,11.6054,0.0862,1.0304,0.0399,319.79761,-23.47816,72.3134,305.67284,202.87174,102.8011,1.80565,6.34288,-7.14829,6.61375,240.05,78.53,65.63,21.47
PFHpS,0.23,254,12,25,SO32-,10,12,25,24,Milli-Q water,S,1,0,27,26,1,7,0,3,1,15,15,0.142857143,0.428571429,2.142857143,0,1,4,0,450.12,4.3,1,18,6,62.8,639,-2388.727659,-2388.727659,2.795444,104.045667,-9.149431,-0.647296,8.502135,-9.796727,0.2019,0.1744,-0.0917,0.0127,0.0978,0.0102,0.0829,0.0114,0.0896,10.9299,-1.1488,4.8905,-4.8905,12.0788,0.0828,0.9901,-0.0282,289.14664,-23.45938,72.30508,276.63777,185.0429,91.59486,1.82007,6.64508,-7.92757,7.06972,212.14,76.68,64.5,23.32
ωH-PFBA,0.39,254,11.9,25,SO32-,10,12,25,6,Milli-Q water,S,1,0,14,12,2,4,0,2,0,6,6,0.5,0.5,1.5,1,0.75,3,0,196.05,2,1,8,3,37.3,188,-903.116825,-903.116825,2.015367,48.151667,-8.300759,-0.994787,7.305972,-9.295546,0.2013,0.1742,-0.1079,0.0276,0.2569,0.0163,0.2124,0.0227,0.2346,10.835,-1.5986,4.6182,-4.6182,12.4336,0.0804,0.8577,0.8205,143.96459,-28.11412,60.94204,154.70308,52.13739,102.56569,0.48083,18.46964,-8.66346,11.9683,92.86,60.03,61.84,39.97
PFPeS,0.077,254,12.9,25,SO32-,10,12,25,72,Milli-Q water,S,1,0,21,20,1,5,0,3,1,11,11,0.2,0.6,2.2,0,1,4,0,350.11,3,1,14,4,62.8,469,-1913.156888,-1913.156888,2.6586,81.996667,-9.094737,-0.702527,8.39221,-9.797264,0.2017,0.1766,-0.0907,0.0187,0.1109,0.0205,0.0915,0.0203,0.0922,11.0264,-1.206,4.9102,-4.9102,12.2324,0.0818,0.9855,0.0265,229.56698,-23.61895,71.57751,228.32511,138.73417,89.59094,1.4875,7.79593,-8.28129,7.98638,166.56,72.95,61.77,27.05
PFHxS,0.072,254,8,25.1,I-,10,7,25,2.5,Milli-Q water,A,1,0,24,23,1,6,0,3,1,13,13,0.166666667,0.5,2.166666667,0,1,4,0,400.12,3.7,1,16,5,62.8,553,-2150.942479,-2150.942479,2.518349,92.597333,-9.128192,-0.683995,8.444197,-9.812187,0.1819,0.2576,-0.1463,-0.0031,0.2383,-0.0019,0.1966,-0.0025,0.1779,6.9901,-6.1573,0.4164,-0.4164,13.1474,0.0761,0.0066,0.8599,259.25555,-23.53258,71.66125,251.25305,140.83628,110.41678,1.22711,7.58361,-6.88058,7.27465,190.28,75.73,60.97,24.27
PFHxS,0.13,254,12,25,SO32-,10,12,25,36,Milli-Q water,S,1,0,24,23,1,6,0,3,1,13,13,0.166666667,0.5,2.166666667,0,1,4,0,400.12,3.7,1,16,5,62.8,553,-2150.942479,-2150.942479,2.518349,92.597333,-9.128192,-0.683995,8.444197,-9.812187,0.1819,0.2576,-0.1463,-0.0031,0.2383,-0.0019,0.1966,-0.0025,0.1779,6.9901,-6.1573,0.4164,-0.4164,13.1474,0.0761,0.0066,0.8599,259.25555,-23.53258,71.66125,251.25305,140.83628,110.41678,1.22711,7.58361,-6.88058,7.27465,190.28,75.73,60.97,24.27
PFBA,0.36,254,11.9,25,SO32-,10,12,25,12,Milli-Q water,S,1,0,14,13,1,4,0,2,0,7,7,0.25,0.5,1.75,1,0.75,3,0,214.04,2.2,1,9,2,37.3,217,-1002.359323,-1002.359323,2.76259,48.544,-8.425671,-1.221073,7.204599,-9.646744,0.1754,0.1758,-0.1046,0.0199,0.3059,0.0271,0.208,0.0235,0.257,11.0652,-1.3161,4.8745,-4.8745,12.3813,0.0808,0.9596,0.6956,148.19171,-28.77483,61.69693,159.71999,115.90338,43.81661,2.95891,9.05113,-13.15621,10.1773,99.4,62.23,60.32,37.77
PFBA,7.16,254,18,25,SO32-,10,12,20,8,Milli-Q water,S,1,0,14,13,1,4,0,2,0,7,7,0.25,0.5,1.75,1,0.75,3,0,214.04,2.2,1,9,2,37.3,217,-1002.359323,-1002.359323,2.76259,48.544,-8.425671,-1.221073,7.204599,-9.646744,0.1754,0.1758,-0.1046,0.0199,0.3059,0.0271,0.208,0.0235,0.257,11.0652,-1.3161,4.8745,-4.8745,12.3813,0.0808,0.9596,0.6956,148.19171,-28.77483,61.69693,159.71999,115.90338,43.81661,2.95891,9.05113,-13.15621,10.1773,99.4,62.23,60.32,37.77
PFBA,0.078,254,8,46,I-,10,7,25,2.5,Milli-Q water,A,1,0,14,13,1,4,0,2,0,7,7,0.25,0.5,1.75,1,0.75,3,0,214.04,2.2,1,9,2,37.3,217,-1002.359323,-1002.359323,2.76259,48.544,-8.425671,-1.221073,7.204599,-9.646744,0.1754,0.1758,-0.1046,0.0199,0.3059,0.0271,0.208,0.0235,0.257,11.0652,-1.3161,4.8745,-4.8745,12.3813,0.0808,0.9596,0.6956,148.19171,-28.77483,61.69693,159.71999,115.90338,43.81661,2.95891,9.05113,-13.15621,10.1773,99.4,62.23,60.32,37.77
PFBA,0.4,254,18,25,SO32-,10,9.5,20,24,Milli-Q water,S,1,0,14,13,1,4,0,2,0,7,7,0.25,0.5,1.75,1,0.75,3,0,214.04,2.2,1,9,2,37.3,217,-1002.359323,-1002.359323,2.76259,48.544,-8.425671,-1.221073,7.204599,-9.646744,0.1754,0.1758,-0.1046,0.0199,0.3059,0.0271,0.208,0.0235,0.257,11.0652,-1.3161,4.8745,-4.8745,12.3813,0.0808,0.9596,0.6956,148.19171,-28.77483,61.69693,159.71999,115.90338,43.81661,2.95891,9.05113,-13.15621,10.1773,99.4,62.23,60.32,37.77
PFBS,0.0013,254,18,25,SO32-,10,9.5,20,48,Milli-Q water,S,1,0,18,17,1,4,0,3,1,9,9,0.25,0.75,2.25,0,1,4,0,300.1,2.3,1,12,3,62.8,387,-1675.370737,-1675.370737,2.569589,69.894333,-9.291112,-0.471852,8.81926,-9.762964,0.2019,0.1749,-0.0906,0.0186,0.144,0.0162,0.1248,0.0174,0.1171,11.4408,-1.6134,4.9137,-4.9137,13.0542,0.0766,0.9248,-0.1699,198.80856,-23.3657,71.87914,198.57922,103.34805,95.23117,1.04459,9.41907,-8.04368,8.75948,139.29,70.14,59.29,29.86
PFBS,0.037,254,12.8,25,SO32-,10,12,25,120,Milli-Q water,S,1,0,18,17,1,4,0,3,1,9,9,0.25,0.75,2.25,0,1,4,0,300.1,2.3,1,12,3,62.8,387,-1675.370737,-1675.370737,2.569589,69.894333,-9.291112,-0.471852,8.81926,-9.762964,0.2019,0.1749,-0.0906,0.0186,0.144,0.0162,0.1248,0.0174,0.1171,11.4408,-1.6134,4.9137,-4.9137,13.0542,0.0766,0.9248,-0.1699,198.80856,-23.3657,71.87914,198.57922,103.34805,95.23117,1.04459,9.41907,-8.04368,8.75948,139.29,70.14,59.29,29.86
PFBS,0.024,254,8,33.4,I-,10,7,25,2.5,Milli-Q water,A,1,0,18,17,1,4,0,3,1,9,9,0.25,0.75,2.25,0,1,4,0,300.1,2.3,1,12,3,62.8,387,-1675.370737,-1675.370737,2.569589,69.894333,-9.291112,-0.471852,8.81926,-9.762964,0.2019,0.1749,-0.0906,0.0186,0.144,0.0162,0.1248,0.0174,0.1171,11.4408,-1.6134,4.9137,-4.9137,13.0542,0.0766,0.9248,-0.1699,198.80856,-23.3657,71.87914,198.57922,103.34805,95.23117,1.04459,9.41907,-8.04368,8.75948,139.29,70.14,59.29,29.86
PFBS,0.053,254,18,25,SO32-,10,12,20,8,Milli-Q water,S,1,0,18,17,1,4,0,3,1,9,9,0.25,0.75,2.25,0,1,4,0,300.1,2.3,1,12,3,62.8,387,-1675.370737,-1675.370737,2.569589,69.894333,-9.291112,-0.471852,8.81926,-9.762964,0.2019,0.1749,-0.0906,0.0186,0.144,0.0162,0.1248,0.0174,0.1171,11.4408,-1.6134,4.9137,-4.9137,13.0542,0.0766,0.9248,-0.1699,198.80856,-23.3657,71.87914,198.57922,103.34805,95.23117,1.04459,9.41907,-8.04368,8.75948,139.29,70.14,59.29,29.86
ωH-PFPrA,0.42,254,11.1,25,SO32-,10,12,25,12,Milli-Q water,S,1,0,11,9,2,3,0,2,0,4,4,0.666666667,0.666666667,1.333333333,1,0.666666667,3,0,146.04,1.3,1,6,2,37.3,121,-665.330715,-665.330715,1.302879,37.720333,-8.288425,-0.935742,7.352683,-9.224167,0.2007,0.1741,-0.1106,0.0476,0.2924,0.0362,0.2231,0.0463,0.2578,10.9438,-1.7365,4.6037,-4.6037,12.6802,0.0789,0.8357,0.8328,113.99204,-28.60201,60.51383,130.514,49.1594,81.3546,0.96735,18.35962,9.54212,12.86332,72.31,55.4,58.21,44.6
ωH-PFHpA,0.4,254,11,25,SO32-,10,12,25,6,Milli-Q water,S,1,0,23,21,2,7,0,2,0,12,12,0.285714286,0.285714286,1.714285714,1,0.857142857,3,0,346.07,4,1,14,6,37.3,414,-1616.47312,-1616.47312,0.806062,80.694667,-8.399522,-1.093448,7.306075,-9.49297,0.2021,0.1751,-0.1066,0.0155,0.192,0.0135,0.1699,0.0177,0.1809,10.5773,-1.289,4.6442,-4.6442,11.8663,0.0843,0.9088,0.7217,233.91305,-26.70759,62.40922,229.94438,69.03628,160.9081,0.20781,15.35074,-6.28914,9.00971,174.51,75.89,55.44,24.11
ωH-PFOA,0.6,254,11.2,25,SO32-,10,12,25,6,Milli-Q water,S,1,0,26,24,2,8,0,2,0,14,14,0.25,0.25,1.75,1,0.875,3,0,396.08,4.7,1,16,7,37.3,495,-1854.258109,-1854.258109,1.317644,92.154,-8.4524,-1.269714,7.182686,-9.722114,0.203,0.1729,-0.1068,0.0154,0.1756,0.009,0.1581,0.0141,0.1668,10.4607,-0.9339,4.7634,-4.7634,11.3946,0.0878,0.9957,0.6688,264.50454,-25.54792,63.96108,258.25158,80.17289,178.07868,0.38768,13.90311,-5.69711,8.24462,203.02,78.61,55.24,21.39
HFPO-TeA,0.13,254,10.7,25,SO32-,10,12,25,36,Milli-Q water,S,1,0,41,40,1,12,0,5,0,23,23,0.083333333,0.416666667,1.916666667,1,0.916666667,3,0,662.1,7.8,1,28,10,65,930,-3130.366348,-3130.366348,1.853265,146.176333,-8.564187,-1.075303,7.488884,-9.63949,0.1784,0.1563,-0.0988,-0.0056,0.2282,-0.006,0.1591,-0.0056,0.1936,10.8087,-1.0946,4.8571,-4.8571,11.9034,0.084,0.9909,0.557,419.84572,-26.2229,57.20036,369.62792,189.71195,179.91597,1.34923,6.34448,-3.91801,5.1634,314.63,85.12,54.99,14.88
PFMeUPA(239795-58-5 ),4.01,254,12.9,25,SO32-,10,12,25,1,Milli-Q water,S,1,0,18,17,1,6,0,2,0,9,9,0.166666667,0.333333333,1.5,2,0.5,5,0,276.06,2.7,1,11,2,37.3,335,-1278.235465,-1278.235465,2.018963,72.897333,-7.96482,-2.1985,5.766319,-10.16332,0.1977,0.0789,-0.098,0.0114,0.1549,0.011,0.1499,0.0112,0.1416,10.3455,-0.0168,5.1643,-5.1643,10.3623,0.0965,1.2869,1.1564,192.01685,-28.86241,60.18184,197.74138,87.26469,110.47669,1.48018,10.84957,-5.92063,8.09581,142.82,72.22,54.92,27.78
TFA,0.41,254,13.2,25,SO32-,10,12,25,24,Milli-Q water,S,1,0,8,7,1,2,0,2,0,3,3,0.5,1,1.5,1,0.5,3,0,114.02,0.9,1,5,0,37.3,83.4,-526.785792,-526.785792,2.903452,26.982333,-8.424333,-1.065781,7.358552,-9.490114,0.1805,0.2021,-0.1011,0.0556,0.1449,0.0588,0.2522,0.0572,0.3184,11.4101,-1.851,4.7795,-4.7795,13.2611,0.0754,0.8613,0.6969,87.41094,-29.31748,63.11419,106.61318,56.91701,49.69617,2.85125,15.6311,-11.7855,13.83853,53.69,50.36,52.92,49.64
TFA,0.15,254,18,25,SO32-,10,9.5,20,24,Milli-Q water,S,1,0,8,7,1,2,0,2,0,3,3,0.5,1,1.5,1,0.5,3,0,114.02,0.9,1,5,0,37.3,83.4,-526.785792,-526.785792,2.903452,26.982333,-8.424333,-1.065781,7.358552,-9.490114,0.1805,0.2021,-0.1011,0.0556,0.1449,0.0588,0.2522,0.0572,0.3184,11.4101,-1.851,4.7795,-4.7795,13.2611,0.0754,0.8613,0.6969,87.41094,-29.31748,63.11419,106.61318,56.91701,49.69617,2.85125,15.6311,-11.7855,13.83853,53.69,50.36,52.92,49.64
TFA,3.44,254,18,25,SO32-,10,12,20,8,Milli-Q water,S,1,0,8,7,1,2,0,2,0,3,3,0.5,1,1.5,1,0.5,3,0,114.02,0.9,1,5,0,37.3,83.4,-526.785792,-526.785792,2.903452,26.982333,-8.424333,-1.065781,7.358552,-9.490114,0.1805,0.2021,-0.1011,0.0556,0.1449,0.0588,0.2522,0.0572,0.3184,11.4101,-1.851,4.7795,-4.7795,13.2611,0.0754,0.8613,0.6969,87.41094,-29.31748,63.11419,106.61318,56.91701,49.69617,2.85125,15.6311,-11.7855,13.83853,53.69,50.36,52.92,49.64
FTMeUPA（243139-64-2）,2.04,254,10.4,25,SO32-,10,12,25,1,Milli-Q water,S,1,0,18,15,3,6,0,2,0,7,7,0.5,0.333333333,1.166666667,2,0.5,5,0,240.08,2.5,1,9,2,37.3,260,-1079.794735,-1079.794735,1.757068,71.092,-7.992977,-2.069658,5.92332,-10.062635,0.1919,-0.0323,-0.0993,0.0126,0.2609,0.018,0.1608,0.0155,0.2043,10.4857,-0.1509,5.1674,-5.1674,10.6366,0.094,1.2552,1.1282,184.7735,-29.30811,55.57775,193.05009,97.2162,95.83389,2.1489,10.02017,-5.8359,7.94301,141.48,73.29,51.57,26.71
HFPO-TrA,0.32,254,10.7,25,SO32-,10,12,25,24,Milli-Q water,S,1,0,31,30,1,9,0,4,0,17,17,0.111111111,0.444444444,1.888888889,1,0.888888889,3,0,496.07,5.7,1,21,7,55.8,647,-2341.766732,-2341.766732,1.869288,110.199,-8.642648,-1.129565,7.513083,-9.772213,0.2044,0.1565,-0.0983,0.0012,0.2239,-0.0123,0.1811,-0.0056,0.2025,10.9027,-1.1939,4.8544,-4.8544,12.0966,0.0827,0.974,0.4786,321.14569,-25.44435,64.91159,306.20448,138.54057,167.66391,1.4806,7.75759,-3.70608,5.53917,261.64,85.45,44.56,14.55
C7 HFPO-TA,0.282,184.9,8,100,SO32-,1,12,25,8,Milli-Q water,S,1,0,25,24,1,7,0,4,0,13,13,0.142857143,0.571428571,1.857142857,1,0.857142857,3,0,396.06,4.4,1,17,5,55.8,478,-1866.19367,-1866.19367,2.057528,88.870667,-8.634257,-1.121222,7.513035,-9.755479,0.2042,0.1551,-0.0993,0.0096,0.0903,0.0004,0.1931,0.0079,0.2155,10.9494,-1.2658,4.8418,-4.8418,12.2152,0.0819,0.9596,0.4869,259.98312,-25.63867,64.87731,257.52775,94.63055,162.8972,0.82141,9.55031,-4.2494,6.19726,213.64,82.96,43.89,17.04
C7 HFPO-TA,1.35,253.7,8,100,SO32-,2,12,25,8,Milli-Q water,S,1,0,25,24,1,7,0,4,0,13,13,0.142857143,0.571428571,1.857142857,1,0.857142857,3,0,396.06,4.4,1,17,5,55.8,478,-1866.19367,-1866.19367,2.057528,88.870667,-8.634257,-1.121222,7.513035,-9.755479,0.2042,0.1551,-0.0993,0.0096,0.0903,0.0004,0.1931,0.0079,0.2155,10.9494,-1.2658,4.8418,-4.8418,12.2152,0.0819,0.9596,0.4869,259.98312,-25.63867,64.87731,257.52775,94.63055,162.8972,0.82141,9.55031,-4.2494,6.19726,213.64,82.96,43.89,17.04
C7 HFPO-TA,3.18,184.9,8,100,SO32-,3,12,25,8,Milli-Q water,S,1,0,25,24,1,7,0,4,0,13,13,0.142857143,0.571428571,1.857142857,1,0.857142857,3,0,396.06,4.4,1,17,5,55.8,478,-1866.19367,-1866.19367,2.057528,88.870667,-8.634257,-1.121222,7.513035,-9.755479,0.2042,0.1551,-0.0993,0.0096,0.0903,0.0004,0.1931,0.0079,0.2155,10.9494,-1.2658,4.8418,-4.8418,12.2152,0.0819,0.9596,0.4869,259.98312,-25.63867,64.87731,257.52775,94.63055,162.8972,0.82141,9.55031,-4.2494,6.19726,213.64,82.96,43.89,17.04
PFNA,0.89,254,18,25,SO32-,10,9.5,20,48,Milli-Q water,S,1,0,29,28,1,9,0,2,0,17,17,0.111111111,0.222222222,1.888888889,1,0.888888889,3,0,464.08,5.6,1,19,7,37.3,615,-2191.289824,-2191.289824,2.109206,104.034667,-8.476463,-1.312755,7.163708,-9.789218,0.2032,0.176,-0.0954,0.0123,0.1628,0.0124,0.1371,0.0124,0.1499,10.3942,-0.7105,4.8419,-4.8419,11.1047,0.0901,1.0556,0.6447,299.41942,-25.08182,64.42603,290.86909,96.26659,194.6025,0.63785,9.51271,-3.7524,5.65884,247.56,85.11,43.31,14.89
PFNA,5.05,254,18,25,SO32-,10,12,20,8,Milli-Q water,S,1,0,29,28,1,9,0,2,0,17,17,0.111111111,0.222222222,1.888888889,1,0.888888889,3,0,464.08,5.6,1,19,7,37.3,615,-2191.289824,-2191.289824,2.109206,104.034667,-8.476463,-1.312755,7.163708,-9.789218,0.2032,0.176,-0.0954,0.0123,0.1628,0.0124,0.1371,0.0124,0.1499,10.3942,-0.7105,4.8419,-4.8419,11.1047,0.0901,1.0556,0.6447,299.41942,-25.08182,64.42603,290.86909,96.26659,194.6025,0.63785,9.51271,-3.7524,5.65884,247.56,85.11,43.31,14.89
PFOA,2.46,253.7,8,160,SO32-,20,10,20,8,Milli-Q water,S,1,0,26,25,1,8,0,2,0,15,15,0.125,0.25,1.875,1,0.875,3,0,414.07,4.9,1,17,6,37.3,530,-1953.504517,-1953.504517,2.154843,92.853333,-8.475968,-1.308409,7.167559,-9.784377,0.2032,0.176,-0.0954,0.0137,0.174,0.0135,0.1474,0.0137,0.1607,10.4853,-0.8011,4.8421,-4.8421,11.2865,0.0886,1.0387,0.6452,269.29201,-25.11652,64.38803,264.90117,87.09255,177.80861,0.62759,10.13401,-4.02876,6.03601,222.31,83.92,42.59,16.08
PFOA,0.32,254,10.9,25,SO32-,10,12,25,24,Milli-Q water,S,1,0,26,25,1,8,0,2,0,15,15,0.125,0.25,1.875,1,0.875,3,0,414.07,4.9,1,17,6,37.3,530,-1953.504517,-1953.504517,2.154843,92.853333,-8.475968,-1.308409,7.167559,-9.784377,0.2032,0.176,-0.0954,0.0137,0.174,0.0135,0.1474,0.0137,0.1607,10.4853,-0.8011,4.8421,-4.8421,11.2865,0.0886,1.0387,0.6452,269.29201,-25.11652,64.38803,264.90117,87.09255,177.80861,0.62759,10.13401,-4.02876,6.03601,222.31,83.92,42.59,16.08
PFOA,0.56,254,18,25,SO32-,10,9.5,20,48,Milli-Q water,S,1,0,26,25,1,8,0,2,0,15,15,0.125,0.25,1.875,1,0.875,3,0,414.07,4.9,1,17,6,37.3,530,-1953.504517,-1953.504517,2.154843,92.853333,-8.475968,-1.308409,7.167559,-9.784377,0.2032,0.176,-0.0954,0.0137,0.174,0.0135,0.1474,0.0137,0.1607,10.4853,-0.8011,4.8421,-4.8421,11.2865,0.0886,1.0387,0.6452,269.29201,-25.11652,64.38803,264.90117,87.09255,177.80861,0.62759,10.13401,-4.02876,6.03601,222.31,83.92,42.59,16.08
PFOA,0.084,254,8,24,I-,10,7,25,2.5,Milli-Q water,A,1,0,26,25,1,8,0,2,0,15,15,0.125,0.25,1.875,1,0.875,3,0,414.07,4.9,1,17,6,37.3,530,-1953.504517,-1953.504517,2.154843,92.853333,-8.475968,-1.308409,7.167559,-9.784377,0.2032,0.176,-0.0954,0.0137,0.174,0.0135,0.1474,0.0137,0.1607,10.4853,-0.8011,4.8421,-4.8421,11.2865,0.0886,1.0387,0.6452,269.29201,-25.11652,64.38803,264.90117,87.09255,177.80861,0.62759,10.13401,-4.02876,6.03601,222.31,83.92,42.59,16.08
PFOA,4.38,254,18,25,SO32-,10,12,20,8,Milli-Q water,S,1,0,26,25,1,8,0,2,0,15,15,0.125,0.25,1.875,1,0.875,3,0,414.07,4.9,1,17,6,37.3,530,-1953.504517,-1953.504517,2.154843,92.853333,-8.475968,-1.308409,7.167559,-9.784377,0.2032,0.176,-0.0954,0.0137,0.174,0.0135,0.1474,0.0137,0.1607,10.4853,-0.8011,4.8421,-4.8421,11.2865,0.0886,1.0387,0.6452,269.29201,-25.11652,64.38803,264.90117,87.09255,177.80861,0.62759,10.13401,-4.02876,6.03601,222.31,83.92,42.59,16.08
PF5OHxA,0.26,254,11.1,25,SO32-,10,12,25,24,Milli-Q water,S,1,0,18,17,1,5,0,3,0,9,9,0.2,0.6,1.8,1,0.8,3,0,280.04,3,1,12,4,46.5,306,-1315.382768,-1315.382768,2.085036,63.436,-8.487918,-1.240418,7.2475,-9.728336,0.203,0.1799,-0.0971,0.0109,0.2542,0.0138,0.2016,0.0124,0.2279,10.9659,-1.2484,4.8588,-4.8588,12.2143,0.0819,0.9664,0.6333,189.9517,-25.46267,64.194,200.01103,68.7954,131.21563,0.65255,11.93011,-5.2602,7.55437,158.39,79.19,41.62,20.81
PF4OPeA,0.62,254,11.1,25,SO32-,10,12,25,4,Milli-Q water,S,1,0,15,14,1,4,0,3,0,7,7,0.25,0.75,1.75,1,0.75,3,0,230.04,2.3,1,10,3,46.5,232,-1077.597246,-1077.597246,2.057277,52.402,-8.510953,-1.201145,7.309807,-9.712098,0.2028,0.1898,-0.1027,0.0132,0.2938,0.0178,0.2197,0.0157,0.2568,11.152,-1.411,4.8705,-4.8705,12.563,0.0796,0.9441,0.6103,159.75871,-25.32905,63.98336,173.89618,58.77565,115.12053,0.69681,13.39167,-5.78465,8.35577,132.7,76.31,41.19,23.69
ωCl-PFHpA,9.83,254,14.4,25,SO32-,10,12,25,0.5,Milli-Q water,S,1,0,23,22,1,7,0,2,0,12,13,0.142857143,0.285714286,1.714285714,1,0.857142857,3,0,380.51,4.5,1,14,6,37.3,458,-2076.067456,-2076.067456,1.924093,91.201667,-8.46619,-1.164753,7.301437,-9.630943,0.2024,0.174,-0.0951,0.0118,0.194,0.0132,0.1927,0.0128,0.1847,10.6269,-0.7381,4.9444,-4.9444,11.3649,0.088,1.0756,0.655,255.26989,-25.54949,63.56685,247.08697,91.49211,155.59486,0.60772,9.4561,-4.59526,6.39514,205.96,83.36,41.13,16.64
PFHpA,0.22,254,11.9,25,SO32-,10,12,25,24,Milli-Q water,S,1,0,23,22,1,7,0,2,0,13,13,0.142857143,0.285714286,1.857142857,1,0.857142857,3,0,364.06,4.3,1,15,5,37.3,448,-1715.719868,-1715.719868,2.05048,2.05048,-8.519673,-1.236052,7.283621,-9.755725,0.2031,0.1747,-0.0965,0.0141,0.2136,0.0098,0.1777,0.012,0.1957,10.8369,-1.1697,4.8336,-4.8336,12.0066,0.0833,0.9729,0.6015,238.21695,-25.45021,64.14902,233.1407,89.01005,144.13066,0.7955,9.62792,-4.65909,6.55613,192.14,82.41,41,17.59
PFHpA,5.69,254,18,25,SO32-,10,12,20,8,Milli-Q water,S,1,0,23,22,1,7,0,2,0,13,13,0.142857143,0.285714286,1.857142857,1,0.857142857,3,0,364.06,4.3,1,15,5,37.3,448,-1715.719868,-1715.719868,2.05048,2.05048,-8.519673,-1.236052,7.283621,-9.755725,0.2031,0.1747,-0.0965,0.0141,0.2136,0.0098,0.1777,0.012,0.1957,10.8369,-1.1697,4.8336,-4.8336,12.0066,0.0833,0.9729,0.6015,238.21695,-25.45021,64.14902,233.1407,89.01005,144.13066,0.7955,9.62792,-4.65909,6.55613,192.14,82.41,41,17.59
PFHpA,0.52,254,18,25,SO32-,10,9.5,20,24,Milli-Q water,S,1,0,23,22,1,7,0,2,0,13,13,0.142857143,0.285714286,1.857142857,1,0.857142857,3,0,364.06,4.3,1,15,5,37.3,448,-1715.719868,-1715.719868,2.05048,2.05048,-8.519673,-1.236052,7.283621,-9.755725,0.2031,0.1747,-0.0965,0.0141,0.2136,0.0098,0.1777,0.012,0.1957,10.8369,-1.1697,4.8336,-4.8336,12.0066,0.0833,0.9729,0.6015,238.21695,-25.45021,64.14902,233.1407,89.01005,144.13066,0.7955,9.62792,-4.65909,6.55613,192.14,82.41,41,17.59
ωCl-PFPeA,8.15,254,14.4,25,SO32-,10,12,25,0.5,Milli-Q water,S,1,0,17,16,1,5,0,2,0,8,9,0.2,0.4,1.6,1,0.8,3,0,280.5,3.2,1,10,4,37.3,301,-1600.496042,-1600.496042,2.088856,70.059333,-8.474682,-1.334408,7.140274,-9.80909,0.2031,0.1758,-0.0954,0.0166,0.2071,0.0268,0.1966,0.0245,0.1909,10.6827,-0.687,4.9979,-4.9979,11.3697,0.088,1.0985,0.6465,195.92451,-25.19944,64.28501,200.01422,66.68271,133.33151,0.60815,12.17031,-5.17441,7.50677,159.1,79.54,40.92,20.46
PFHxA,0.57,254,18,25,SO32-,10,9.5,20,24,Milli-Q water,S,1,0,20,19,1,6,0,2,0,11,11,0.166666667,0.333333333,1.833333333,1,0.833333333,3,0,314.05,3.6,1,13,4,37.3,368,-1477.933911,-1477.933911,2.134398,70.608333,-8.476536,-1.2883,7.188235,-9.764836,0.2031,0.1759,-0.0954,0.0175,0.2074,0.017,0.1739,0.0174,0.1907,10.7158,-1.0207,4.8475,-4.8475,11.7366,0.0852,1.0011,0.6447,208.93786,-25.19167,64.34376,212.93591,69.95764,142.97827,0.63409,11.67251,-4.76688,7.03565,172.14,80.84,40.79,19.16
PFHxA,0.34,254,11.9,25,SO32-,10,12,25,12,Milli-Q water,S,1,0,20,19,1,6,0,2,0,11,11,0.166666667,0.333333333,1.833333333,1,0.833333333,3,0,314.05,3.6,1,13,4,37.3,368,-1477.933911,-1477.933911,2.134398,70.608333,-8.476536,-1.2883,7.188235,-9.764836,0.2031,0.1759,-0.0954,0.0175,0.2074,0.017,0.1739,0.0174,0.1907,10.7158,-1.0207,4.8475,-4.8475,11.7366,0.0852,1.0011,0.6447,208.93786,-25.19167,64.34376,212.93591,69.95764,142.97827,0.63409,11.67251,-4.76688,7.03565,172.14,80.84,40.79,19.16
PFHxA,5.78,254,18,25,SO32-,10,12,20,8,Milli-Q water,S,1,0,20,19,1,6,0,2,0,11,11,0.166666667,0.333333333,1.833333333,1,0.833333333,3,0,314.05,3.6,1,13,4,37.3,368,-1477.933911,-1477.933911,2.134398,70.608333,-8.476536,-1.2883,7.188235,-9.764836,0.2031,0.1759,-0.0954,0.0175,0.2074,0.017,0.1739,0.0174,0.1907,10.7158,-1.0207,4.8475,-4.8475,11.7366,0.0852,1.0011,0.6447,208.93786,-25.19167,64.34376,212.93591,69.95764,142.97827,0.63409,11.67251,-4.76688,7.03565,172.14,80.84,40.79,19.16
PFHxA,0.066,254,8,31.9,I-,10,7,25,2.5,Milli-Q water,A,1,0,20,19,1,6,0,2,0,11,11,0.166666667,0.333333333,1.833333333,1,0.833333333,3,0,314.05,3.6,1,13,4,37.3,368,-1477.933911,-1477.933911,2.134398,70.608333,-8.476536,-1.2883,7.188235,-9.764836,0.2031,0.1759,-0.0954,0.0175,0.2074,0.017,0.1739,0.0174,0.1907,10.7158,-1.0207,4.8475,-4.8475,11.7366,0.0852,1.0011,0.6447,208.93786,-25.19167,64.34376,212.93591,69.95764,142.97827,0.63409,11.67251,-4.76688,7.03565,172.14,80.84,40.79,19.16
PFPeA,0.7,254,18,25,SO32-,10,9.5,20,24,Milli-Q water,S,1,0,17,16,1,5,0,2,0,9,9,0.2,0.4,1.8,1,0.8,3,0,264.05,2.9,1,11,3,37.3,291,-1240.148581,-1240.148581,2.101223,59.569,-8.478799,-1.266732,7.212066,-9.745531,0.203,0.1768,-0.0954,0.0202,0.2333,0.0196,0.1902,0.0202,0.2117,10.8619,-1.1583,4.8518,-4.8518,12.0202,0.0832,0.9792,0.6424,178.81586,-25.23418,64.19032,186.94616,62.30264,124.64352,0.67066,12.59007,-5.28721,7.721,146.92,78.59,40.03,21.41
PFPeA,0.51,254,11.9,25,SO32-,10,12,25,6,Milli-Q water,S,1,0,17,16,1,5,0,2,0,9,9,0.2,0.4,1.8,1,0.8,3,0,264.05,2.9,1,11,3,37.3,291,-1240.148581,-1240.148581,2.101223,59.569,-8.478799,-1.266732,7.212066,-9.745531,0.203,0.1768,-0.0954,0.0202,0.2333,0.0196,0.1902,0.0202,0.2117,10.8619,-1.1583,4.8518,-4.8518,12.0202,0.0832,0.9792,0.6424,178.81586,-25.23418,64.19032,186.94616,62.30264,124.64352,0.67066,12.59007,-5.28721,7.721,146.92,78.59,40.03,21.41
PFPeA,6.63,254,18,25,SO32-,10,12,20,8,Milli-Q water,S,1,0,17,16,1,5,0,2,0,9,9,0.2,0.4,1.8,1,0.8,3,0,264.05,2.9,1,11,3,37.3,291,-1240.148581,-1240.148581,2.101223,59.569,-8.478799,-1.266732,7.212066,-9.745531,0.203,0.1768,-0.0954,0.0202,0.2333,0.0196,0.1902,0.0202,0.2117,10.8619,-1.1583,4.8518,-4.8518,12.0202,0.0832,0.9792,0.6424,178.81586,-25.23418,64.19032,186.94616,62.30264,124.64352,0.67066,12.59007,-5.28721,7.721,146.92,78.59,40.03,21.41
HFPO-DA,2.03,253.7,8,160,SO32-,20,10,25,8,Milli-Q water,S,1,0,21,20,1,6,0,3,0,11,11,0.166666667,0.5,1.833333333,1,0.833333333,3,0,330.05,3.6,1,14,4,46.5,383,-1553.171868,-1553.171868,2.111989,74.398333,-8.647075,-1.13566,7.511414,-9.782735,0.2043,0.1653,-0.0995,0.0161,0.2537,0.0149,0.1965,0.0164,0.2251,11.0403,-1.2792,4.8805,4.8805,12.3195,0.0812,0.9667,0.4741,219.85973,-25.49491,65.08867,224.14334,79.81461,144.32873,0.85578,10.56197,-4.5118,6.66619,184.52,82.32,39.62,17.68
HFPO-DA,0.2,254,10.7,25,SO32-,10,12,25,24,Milli-Q water,S,1,0,21,20,1,6,0,3,0,11,11,0.166666667,0.5,1.833333333,1,0.833333333,3,0,330.05,3.6,1,14,4,46.5,383,-1553.171868,-1553.171868,2.111989,74.398333,-8.647075,-1.13566,7.511414,-9.782735,0.2043,0.1653,-0.0995,0.0161,0.2537,0.0149,0.1965,0.0164,0.2251,11.0403,-1.2792,4.8805,4.8805,12.3195,0.0812,0.9667,0.4741,219.85973,-25.49491,65.08867,224.14334,79.81461,144.32873,0.85578,10.56197,-4.5118,6.66619,184.52,82.32,39.62,17.68
HFPO-DA,1.776,253.7,8,160,SO32-,20,10,25,8,river water,S,1,0,21,20,1,6,0,3,0,11,11,0.166666667,0.5,1.833333333,1,0.833333333,3,0,330.05,3.6,1,14,4,46.5,383,-1553.171868,-1553.171868,2.111989,74.398333,-8.647075,-1.13566,7.511414,-9.782735,0.2043,0.1653,-0.0995,0.0161,0.2537,0.0149,0.1965,0.0164,0.2251,11.0403,-1.2792,4.8805,4.8805,12.3195,0.0812,0.9667,0.4741,219.85973,-25.49491,65.08867,224.14334,79.81461,144.32873,0.85578,10.56197,-4.5118,6.66619,184.52,82.32,39.62,17.68
PFPrA,0.54,254,13.2,25,SO32-,10,12,25,6,Milli-Q water,S,1,0,11,10,1,3,0,2,0,5,5,0.333333333,0.666666667,1.666666667,1,0.666666667,3,0,164.03,1.6,1,7,1,37.3,147,-764.57768,-764.57768,2.099585,37.862,-8.539321,-1.15984,7.379481,-9.699161,0.203,0.187,-0.1005,0.0295,0.3209,0.0329,0.2304,0.0312,0.2756,11.2862,-1.5623,4.8619,-4.8619,12.8485,0.0778,0.9199,0.5819,118.31094,-25.71147,64.27013,134.64021,47.72445,86.91576,1.18727,15.31386,-6.56948,9.669,95.8,71.15,38.84,28.85
PFPrA,0.66,254,18,25,SO32-,10,9.5,20,24,Milli-Q water,S,1,0,11,10,1,3,0,2,0,5,5,0.333333333,0.666666667,1.666666667,1,0.666666667,3,0,164.03,1.6,1,7,1,37.3,147,-764.57768,-764.57768,2.099585,37.862,-8.539321,-1.15984,7.379481,-9.699161,0.203,0.187,-0.1005,0.0295,0.3209,0.0329,0.2304,0.0312,0.2756,11.2862,-1.5623,4.8619,-4.8619,12.8485,0.0778,0.9199,0.5819,118.31094,-25.71147,64.27013,134.64021,47.72445,86.91576,1.18727,15.31386,-6.56948,9.669,95.8,71.15,38.84,28.85
PFPrA,5.14,254,18,25,SO32-,10,12,20,8,Milli-Q water,S,1,0,11,10,1,3,0,2,0,5,5,0.333333333,0.666666667,1.666666667,1,0.666666667,3,0,164.03,1.6,1,7,1,37.3,147,-764.57768,-764.57768,2.099585,37.862,-8.539321,-1.15984,7.379481,-9.699161,0.203,0.187,-0.1005,0.0295,0.3209,0.0329,0.2304,0.0312,0.2756,11.2862,-1.5623,4.8619,-4.8619,12.8485,0.0778,0.9199,0.5819,118.31094,-25.71147,64.27013,134.64021,47.72445,86.91576,1.18727,15.31386,-6.56948,9.669,95.8,71.15,38.84,28.85
